Row_ID	p_cat_dir|groups|oily-norm	p_cat_dir|base|sebum	p_cat_dir|base|skicon
5			Dn, < 0.1
9			Up, < 0.1
10			Up, < 0.1
24		Dn, < 0.1	
48		Up, < 0.1	
57			Up, < 0.1
89		Up, < 0.1	
144			Up, < 0.01
167		Up, < 0.01	
173			Up, < 0.1
181		Dn, < 0.1	
208			Up, < 0.01
222	Dn, < 0.1	Dn, < 0.1	
242			Dn, < 0.01
265			Dn, < 0.1
276			Dn, < 0.1
286		Dn, < 0.1	
293	Up, < 0.1		Dn, < 0.1
356	Dn, < 0.1		Up, < 0.1
361	Dn, < 0.1		
379			Up, < 0.1
380			Up, < 0.1
467	Dn, < 0.1		
498	Dn, < 0.01	Dn, < 0.1	
533			Up, < 0.1
564			Dn, < 0.1
578			Dn, < 0.1
602			Dn, < 0.01
613	Up, < 0.01	Up, < 0.01	
625	Dn, < 0.1		
639		Up, < 0.1	Dn, < 0.1
670		Dn, < 0.1	
685	Dn, < 0.1		Up, < 0.1
718	Up, < 0.1	Up, < 0.01	
755	Up, < 0.1		Dn, < 0.1
768			Up, < 0.1
783			Dn, < 0.1
821		Up, < 0.1	
843	Dn, < 0.1	Dn, < 0.1	Up, < 0.1
853	Dn, < 0.1		
909			Up, < 0.1
915			Up, < 0.01
926			Dn, < 0.1
938			Up, < 0.001
956			Up, < 0.1
981			Dn, < 0.01
999			Dn, < 0.1
1012			Up, < 0.1
1021		Up, < 0.1	
1052			Dn, < 0.01
1092			Up, < 0.1
1118		Dn, < 0.1	
1149			Dn, < 0.1
1159	Up, < 0.1	Up, < 0.1	
1191			Up, < 0.1
1235			Up, < 0.1
1258	Dn, < 0.1	Dn, < 0.1	
1312	Up, < 0.1	Up, < 0.1	
1340	Dn, < 0.1	Dn, < 0.1	
1354			Up, < 0.1
1431			Dn, < 0.1
1563			Up, < 0.1
1587			Up, < 0.1
1589	Up, < 0.1	Up, < 0.1	
1591	Up, < 0.1	Up, < 0.1	
1594	Up, < 0.1	Up, < 0.1	Dn, < 0.01
1595	Up, < 0.01	Up, < 0.1	Dn, < 0.1
1596			Up, < 0.1
1599	Up, < 0.1	Up, < 0.1	
1609	Up, < 0.1		
1610	Up, < 0.1	Up, < 0.1	
1612	Dn, < 0.1	Dn, < 0.1	
1613	Up, < 0.1	Up, < 0.1	
1614			Dn, < 0.1
1615	Up, < 0.1	Up, < 0.1	
1616	Up, < 0.1	Up, < 0.1	Dn, < 0.01
1621	Dn, < 0.1	Dn, < 0.1	
1622	Up, < 0.01	Up, < 0.001	
1623			Up, < 0.1
1626		Up, < 0.1	Dn, < 0.1
1627			Dn, < 0.1
1632			Up, < 0.1
1636			Dn, < 0.1
1637	Up, < 0.1	Up, < 0.1	Dn, < 0.1
1648		Up, < 0.1	
1651			Dn, < 0.01
1654			Up, < 0.1
1657	Dn, < 0.1	Dn, < 0.01	
1658			Dn, < 0.1
1660	Dn, < 0.1	Dn, < 0.1	
1667		Up, < 0.1	
1672			Dn, < 0.1
1676	Up, < 0.1	Up, < 0.1	Dn, < 0.1
1677			Dn, < 0.1
1678			Dn, < 0.1
1679		Dn, < 0.1	
1680			Dn, < 0.1
1682			Up, < 0.1
1684			Dn, < 0.1
1685			Up, < 0.1
1686			Dn, < 0.1
1689		Up, < 0.1	
1690			Dn, < 0.1
1691			Dn, < 0.01
1692	Up, < 0.1		
1697			Up, < 0.01
1705	Dn, < 0.1		
1707	Up, < 0.1	Up, < 0.1	
1709	Up, < 0.1	Up, < 0.1	
1710			Dn, < 0.01
1712	Dn, < 0.1		
1714			Dn, < 0.01
1717			Dn, < 0.1
1719			Up, < 0.1
1721			Dn, < 0.1
1725			Up, < 0.1
1730			Up, < 0.1
1735			Dn, < 0.1
1737	Up, < 0.1	Up, < 0.1	
1739			Up, < 0.1
1740	Up, < 0.01	Up, < 0.001	
1743	Up, < 0.1	Up, < 0.1	
1746		Up, < 0.1	Dn, < 0.1
1749		Dn, < 0.1	Up, < 0.1
1750			Dn, < 0.1
1751			Dn, < 0.01
1752			Dn, < 0.01
1756			Dn, < 0.1
1759			Dn, < 0.1
1760	Up, < 0.1		Dn, < 0.1
1769			Dn, < 0.1
1771	Up, < 0.1		Dn, < 0.1
1773			Up, < 0.1
1775			Up, < 0.1
1776		Dn, < 0.1	
1777			Up, < 0.1
1779	Up, < 0.1	Up, < 0.1	
1783			Up, < 0.1
1785		Dn, < 0.1	Up, < 0.1
1788		Up, < 0.1	
1800			Up, < 0.1
1804			Dn, < 0.1
1805			Up, < 0.1
1806	Up, < 0.01	Up, < 0.1	Dn, < 0.01
1808			Dn, < 0.1
1810			Dn, < 0.1
1816	Dn, < 0.01	Dn, < 0.1	
1817	Up, < 0.1	Up, < 0.1	Dn, < 0.1
1819			Dn, < 0.1
1820			Dn, < 0.01
1824			Dn, < 0.01
1825		Dn, < 0.1	Up, < 0.1
1827	Up, < 0.1	Up, < 0.01	
1830	Dn, < 0.1		Up, < 0.1
1831	Up, < 0.1		
1833			Dn, < 0.1
1834	Up, < 0.01	Up, < 0.1	Dn, < 0.1
1835			Up, < 0.1
1836	Dn, < 0.01		
1840			Dn, < 0.001
1842		Dn, < 0.1	
1843			Dn, < 0.001
1844			Up, < 0.1
1847			Dn, < 0.1
1849			Up, < 0.1
1853		Dn, < 0.1	
1855	Up, < 0.1		Dn, < 0.1
1858			Up, < 0.1
1861	Dn, < 0.1	Dn, < 0.1	
1864	Dn, < 0.1		
1868	Up, < 0.01	Up, < 0.01	Dn, < 0.1
1870	Up, < 0.1	Up, < 0.1	
1871			Dn, < 0.1
1876			Up, < 0.1
1878			Dn, < 0.01
1879	Dn, < 0.1		
1882		Dn, < 0.1	
1883			Up, < 0.1
1885			Dn, < 0.1
1889			Dn, < 0.01
1894	Up, < 0.1	Up, < 0.1	Dn, < 0.01
1895			Dn, < 0.1
1901			Dn, < 0.1
1905	Up, < 0.1	Up, < 0.1	
1906	Up, < 0.1	Up, < 0.01	
1908			Up, < 0.1
1917	Up, < 0.1		
1924	Up, < 0.1		
1931	Up, < 0.1		Dn, < 0.01
1932	Up, < 0.1	Up, < 0.1	
1933			Up, < 0.1
1934	Up, < 0.1	Up, < 0.1	
1935			Dn, < 0.1
1937	Up, < 0.1	Up, < 0.01	
1938			Up, < 0.1
1948	Up, < 0.1		
1951		Up, < 0.01	
1952			Dn, < 0.1
1959	Up, < 0.1		
1960			Up, < 0.1
1963	Up, < 0.1	Up, < 0.1	
1966			Dn, < 0.1
1967		Up, < 0.1	
1969			Dn, < 0.001
1971			Dn, < 0.1
1972		Up, < 0.1	
1975	Up, < 0.1		Dn, < 0.1
1983		Dn, < 0.1	Dn, < 0.1
1984			Dn, < 0.1
1985			Dn, < 0.1
1990	Up, < 0.1	Up, < 0.1	Dn, < 0.1
1994		Dn, < 0.1	
2002			Dn, < 0.1
2010			Dn, < 0.01
2018	Up, < 0.1		
2022			Dn, < 0.1
2028			Dn, < 0.01
2032	Up, < 0.1	Up, < 0.1	
2041			Dn, < 0.1
2042	Up, < 0.1	Up, < 0.1	
2047			Dn, < 0.1
2048			Dn, < 0.1
2049			Dn, < 0.1
2054			Up, < 0.1
2058			Dn, < 0.1
2060		Up, < 0.1	
2071			Up, < 0.1
2073			Dn, < 0.1
2076			Up, < 0.1
2079			Dn, < 0.1
2080	Dn, < 0.1		Up, < 0.1
2085	Up, < 0.1		
2086			Dn, < 0.01
2089	Up, < 0.1	Up, < 0.01	
2095	Up, < 0.1		
2100			Up, < 0.1
2103			Dn, < 0.1
2105			Up, < 0.01
2113	Dn, < 0.1	Dn, < 0.1	
2120			Up, < 0.01
2122			Dn, < 0.1
2125		Dn, < 0.1	
2127	Up, < 0.1	Up, < 0.1	Dn, < 0.1
2135			Dn, < 0.1
2140	Up, < 0.1		
2141			Dn, < 0.1
2142			Up, < 0.1
2152	Up, < 0.1	Up, < 0.1	
2161		Dn, < 0.1	Up, < 0.1
2167			Dn, < 0.1
2169		Dn, < 0.1	
2182			Dn, < 0.01
2189		Up, < 0.1	
2192			Dn, < 0.1
2202		Dn, < 0.1	Up, < 0.1
2214			Dn, < 0.1
2215			Up, < 0.01
2234		Up, < 0.1	
2252			Up, < 0.1
2255	Up, < 0.1	Up, < 0.1	
2267		Dn, < 0.1	
2279			Dn, < 0.1
2280	Dn, < 0.1	Dn, < 0.1	
2284			Dn, < 0.1
2286			Dn, < 0.1
2288			Dn, < 0.1
2293			Up, < 0.01
2296			Dn, < 0.01
2305		Up, < 0.1	
2311			Dn, < 0.1
2312		Dn, < 0.1	
2320	Dn, < 0.1	Dn, < 0.01	
2326			Up, < 0.1
2327			Dn, < 0.1
2333			Dn, < 0.1
2339			Dn, < 0.1
2341	Dn, < 0.1	Dn, < 0.1	Up, < 0.01
2350			Dn, < 0.01
2352			Up, < 0.1
2361	Dn, < 0.1	Dn, < 0.1	Dn, < 0.1
2363		Up, < 0.1	
2368			Up, < 0.1
2374		Up, < 0.1	
2375			Up, < 0.1
2380			Dn, < 0.1
2386			Dn, < 0.1
2388			Dn, < 0.1
2395			Dn, < 0.01
2400			Up, < 0.001
2402	Dn, < 0.1		Up, < 0.01
2403	Up, < 0.1	Up, < 0.01	
2405		Dn, < 0.1	
2407			Up, < 0.1
2410			Up, < 0.1
2413			Up, < 0.1
2414	Up, < 0.1	Up, < 0.01	
2417		Up, < 0.1	Dn, < 0.01
2419	Dn, < 0.1	Dn, < 0.1	
2423			Up, < 0.01
2426		Dn, < 0.1	
2427			Up, < 0.1
2428		Dn, < 0.1	
2432	Dn, < 0.1		
2433			Up, < 0.1
2434		Dn, < 0.1	
2437			Up, < 0.1
2443			Up, < 0.1
2444		Dn, < 0.1	
2446	Up, < 0.1		Dn, < 0.001
2449		Dn, < 0.1	Up, < 0.1
2450	Dn, < 0.1		
2451	Up, < 0.1		Dn, < 0.1
2458		Dn, < 0.1	
2459			Dn, < 0.1
2460			Up, < 0.1
2461	Up, < 0.1	Up, < 0.1	
2466			Dn, < 0.1
2469		Dn, < 0.1	
2470			Up, < 0.1
2471			Up, < 0.1
2476			Dn, < 0.1
2477	Dn, < 0.1		Up, < 0.1
2486			Dn, < 0.1
2489		Up, < 0.1	
2490			Up, < 0.1
2492	Dn, < 0.1	Dn, < 0.1	
2496		Up, < 0.1	
2497		Dn, < 0.1	
2500	Dn, < 0.01	Dn, < 0.01	
2504	Up, < 0.1	Up, < 0.1	
2505			Up, < 0.01
2506			Up, < 0.1
2511		Dn, < 0.1	
2513		Up, < 0.1	
2516		Dn, < 0.1	
2517			Dn, < 0.1
2521			Dn, < 0.1
2522	Up, < 0.1		
2528			Dn, < 0.1
2532	Up, < 0.1	Up, < 0.1	
2534	Up, < 0.1	Up, < 0.01	
2535		Up, < 0.1	
2538	Dn, < 0.1	Dn, < 0.1	Up, < 0.01
2539			Up, < 0.01
2540	Up, < 0.1		Dn, < 0.1
2541			Up, < 0.1
2545			Dn, < 0.1
2549		Dn, < 0.1	
2551		Dn, < 0.1	
2553	Dn, < 0.1		
2556	Dn, < 0.1	Dn, < 0.1	
2558			Dn, < 0.1
2559	Dn, < 0.1	Dn, < 0.1	
2562		Dn, < 0.1	
2567		Dn, < 0.1	
2569			Up, < 0.1
2570		Up, < 0.1	
2573			Up, < 0.1
2574			Up, < 0.1
2578			Up, < 0.1
2580			Up, < 0.01
2582		Dn, < 0.1	
2588			Up, < 0.1
2590		Up, < 0.1	
2592	Up, < 0.1		
2593			Dn, < 0.1
2595			Up, < 0.1
2596		Dn, < 0.1	
2601			Dn, < 0.1
2603			Dn, < 0.1
2604	Dn, < 0.1		
2609	Dn, < 0.1	Dn, < 0.1	
2611			Up, < 0.1
2615			Up, < 0.1
2623			Up, < 0.1
2630	Up, < 0.1		
2632	Up, < 0.1		Dn, < 0.1
2639	Up, < 0.1	Up, < 0.01	
2642			Dn, < 0.001
2644			Up, < 0.1
2648			Up, < 0.1
2650		Up, < 0.1	Dn, < 0.1
2651			Up, < 0.1
2652			Up, < 0.1
2657	Dn, < 0.1		
2658			Dn, < 0.1
2661	Up, < 0.01	Up, < 0.1	
2668			Up, < 0.001
2670			Up, < 0.1
2676	Dn, < 0.1	Dn, < 0.1	
2679			Dn, < 0.1
2682			Dn, < 0.1
2696			Up, < 0.1
2701			Dn, < 0.1
2704			Up, < 0.01
2706	Dn, < 0.1		
2709		Dn, < 0.1	
2712			Up, < 0.1
2714			Up, < 0.1
2720	Dn, < 0.1		Up, < 0.1
2723			Dn, < 0.1
2724			Up, < 0.1
2729			Dn, < 0.1
2730			Dn, < 0.1
2734			Up, < 0.1
2736			Up, < 0.01
2738			Dn, < 0.1
2741			Dn, < 0.1
2744			Dn, < 0.1
2747	Up, < 0.1		Dn, < 0.1
2762			Dn, < 0.1
2765			Dn, < 0.1
2769			Dn, < 0.1
2771			Dn, < 0.1
2772			Up, < 0.1
2773			Dn, < 0.1
2775			Dn, < 0.001
2778	Dn, < 0.1	Dn, < 0.1	
2780		Dn, < 0.1	
2785	Up, < 0.1		Dn, < 0.1
2786			Dn, < 0.1
2787			Dn, < 0.1
2791			Dn, < 0.1
2794		Up, < 0.1	
2795	Up, < 0.1	Up, < 0.1	
2796		Up, < 0.1	
2803	Dn, < 0.01	Dn, < 0.01	
2804			Up, < 0.1
2812		Dn, < 0.1	
2815			Dn, < 0.1
2817			Dn, < 0.1
2835			Dn, < 0.01
2836	Up, < 0.1	Up, < 0.1	Dn, < 0.1
2841			Up, < 0.1
2844			Dn, < 0.1
2847	Up, < 0.1		
2849			Dn, < 0.1
2866			Up, < 0.1
2870			Dn, < 0.1
2875	Up, < 0.1		
2880		Up, < 0.1	
2883			Up, < 0.1
2887	Dn, < 0.1	Dn, < 0.1	
2888			Dn, < 0.1
2890			Dn, < 0.1
2894	Dn, < 0.01	Dn, < 0.1	
2902	Up, < 0.1	Up, < 0.01	Dn, < 0.1
2904			Dn, < 0.1
2907	Dn, < 0.1	Dn, < 0.1	
2911	Dn, < 0.1		
2914		Dn, < 0.1	
2918	Dn, < 0.1		
2919			Up, < 0.1
2926			Up, < 0.1
2928			Up, < 0.1
2936		Dn, < 0.1	
2938	Dn, < 0.1		
2940	Up, < 0.1		
2945			Dn, < 0.1
2949			Up, < 0.1
2953		Up, < 0.1	
2956			Dn, < 0.01
2961			Dn, < 0.01
2964			Up, < 0.1
2967			Up, < 0.1
2969			Up, < 0.01
2972	Dn, < 0.1		Up, < 0.1
2989			Dn, < 0.1
3003		Dn, < 0.1	Up, < 0.01
3015	Up, < 0.1		
3019			Dn, < 0.1
3023			Dn, < 0.1
3026			Up, < 0.1
3035		Up, < 0.1	
3044	Dn, < 0.01	Dn, < 0.01	
3056			Up, < 0.1
3060		Dn, < 0.1	
3061	Dn, < 0.1	Dn, < 0.1	
3063	Up, < 0.1		Dn, < 0.1
3067			Dn, < 0.1
3072			Dn, < 0.1
3074			Dn, < 0.1
3078	Dn, < 0.01	Dn, < 0.1	
3085	Dn, < 0.1	Dn, < 0.1	
3088	Dn, < 0.1	Dn, < 0.1	Up, < 0.1
3089	Dn, < 0.1	Dn, < 0.1	
3090	Dn, < 0.1	Dn, < 0.1	Up, < 0.1
3091	Up, < 0.1		Dn, < 0.001
3095		Dn, < 0.1	
3096			Dn, < 0.1
3097			Dn, < 0.1
3104		Dn, < 0.1	
3106			Dn, < 0.1
3108	Up, < 0.1	Up, < 0.01	
3114	Up, < 0.1		Dn, < 0.1
3115		Up, < 0.1	
3117			Up, < 0.1
3122			Up, < 0.1
3125			Dn, < 0.1
3134		Up, < 0.1	
3146			Dn, < 0.1
3148			Dn, < 0.1
3153			Up, < 0.1
3154		Up, < 0.1	
3158			Up, < 0.1
3165			Dn, < 0.1
3166			Up, < 0.1
3169	Up, < 0.1	Up, < 0.01	
3170		Dn, < 0.1	
3172			Dn, < 0.1
3179	Dn, < 0.1		
3193			Dn, < 0.1
3199			Up, < 0.1
3202	Up, < 0.1	Up, < 0.1	
3210		Up, < 0.1	
3225	Dn, < 0.1		
3227			Up, < 0.1
3229			Dn, < 0.1
3234	Dn, < 0.01	Dn, < 0.1	
3236			Up, < 0.1
3238			Dn, < 0.1
3241	Dn, < 0.1	Dn, < 0.1	
3249			Up, < 0.1
3276	Dn, < 0.1		
3278			Up, < 0.1
3280	Dn, < 0.1		
3282		Up, < 0.01	
3289	Up, < 0.1	Up, < 0.1	
3295			Dn, < 0.01
3297			Dn, < 0.1
3304			Dn, < 0.1
3307			Dn, < 0.1
3308		Up, < 0.1	Dn, < 0.1
3309			Dn, < 0.1
3316	Up, < 0.1		Dn, < 0.1
3321			Dn, < 0.1
3325		Up, < 0.1	Dn, < 0.1
3327	Up, < 0.1		
3328		Up, < 0.1	
3329			Dn, < 0.1
3332			Dn, < 0.1
3335	Up, < 0.1		Dn, < 0.1
3336			Dn, < 0.1
3342	Up, < 0.1	Up, < 0.1	
3343		Up, < 0.1	
3348		Dn, < 0.1	Up, < 0.1
3349		Up, < 0.1	Dn, < 0.1
3357			Dn, < 0.1
3365			Dn, < 0.1
3366			Dn, < 0.1
3377	Up, < 0.1	Up, < 0.1	
3379	Up, < 0.1		
3388			Dn, < 0.1
3390	Up, < 0.1	Up, < 0.01	
3402			Dn, < 0.01
3407		Dn, < 0.1	
3417	Up, < 0.01	Up, < 0.1	Dn, < 0.01
3418			Up, < 0.1
3422	Up, < 0.1	Up, < 0.1	
3423			Dn, < 0.1
3426	Up, < 0.1	Up, < 0.01	
3427		Up, < 0.1	
3431		Up, < 0.1	Dn, < 0.1
3433	Up, < 0.1	Up, < 0.1	Dn, < 0.1
3435		Up, < 0.01	
3437			Dn, < 0.1
3439			Dn, < 0.001
3441		Up, < 0.1	
3443			Dn, < 0.1
3452	Up, < 0.1	Up, < 0.1	
3453	Up, < 0.1		
3454			Dn, < 0.1
3458			Dn, < 0.1
3460			Dn, < 0.1
3467	Up, < 0.01	Up, < 0.1	Dn, < 0.001
3480	Dn, < 0.1		Up, < 0.1
3482	Up, < 0.1	Up, < 0.1	Dn, < 0.1
3484		Up, < 0.1	
3488	Up, < 0.1	Up, < 0.01	Dn, < 0.1
3490			Up, < 0.1
3494			Up, < 0.1
3495			Dn, < 0.1
3501			Dn, < 0.1
3504			Dn, < 0.1
3511	Up, < 0.1		Dn, < 0.1
3515			Dn, < 0.1
3516		Up, < 0.1	
3519			Dn, < 0.1
3521			Dn, < 0.1
3524			Dn, < 0.1
3526	Up, < 0.1		Dn, < 0.1
3534	Up, < 0.1	Up, < 0.1	
3535			Dn, < 0.1
3539	Up, < 0.1		
3542			Dn, < 0.1
3547	Up, < 0.1	Up, < 0.1	
3555		Up, < 0.1	
3556	Up, < 0.1		Dn, < 0.01
3557			Dn, < 0.001
3565			Dn, < 0.1
3567		Dn, < 0.1	Up, < 0.1
3570			Dn, < 0.1
3574			Dn, < 0.1
3581		Up, < 0.1	Dn, < 0.01
3586	Up, < 0.01	Up, < 0.01	Dn, < 0.1
3590			Dn, < 0.01
3591	Up, < 0.1	Up, < 0.1	
3592	Dn, < 0.1		
3598			Dn, < 0.1
3599			Dn, < 0.1
3609			Dn, < 0.01
3612			Dn, < 0.1
3624			Dn, < 0.01
3633	Up, < 0.1	Up, < 0.1	
3641			Dn, < 0.1
3643			Dn, < 0.1
3645		Dn, < 0.1	
3647			Dn, < 0.001
3650	Up, < 0.1		Dn, < 0.001
3652	Up, < 0.01	Up, < 0.1	
3656			Dn, < 0.01
3658	Up, < 0.1	Up, < 0.1	Dn, < 0.1
3663	Up, < 0.1		
3664	Up, < 0.1		Dn, < 0.1
3666			Dn, < 0.01
3670			Up, < 0.1
3675	Up, < 0.1		
3678			Dn, < 0.001
3679	Dn, < 0.1		Up, < 0.1
3690			Dn, < 0.1
3693			Dn, < 0.1
3694			Dn, < 0.1
3697			Dn, < 0.1
3701			Dn, < 0.1
3712			Dn, < 0.1
3714			Up, < 0.1
3719			Dn, < 0.1
3726			Up, < 0.1
3729			Dn, < 0.1
3733	Up, < 0.1	Up, < 0.1	Dn, < 0.01
3737			Up, < 0.01
3740			Dn, < 0.1
3743	Up, < 0.1		
3744	Up, < 0.1		Dn, < 0.1
3751			Dn, < 0.1
3761			Dn, < 0.1
3763			Dn, < 0.1
3770			Dn, < 0.1
3781		Dn, < 0.1	Dn, < 0.1
3782		Up, < 0.1	
3788	Up, < 0.1		Dn, < 0.01
3789	Up, < 0.1	Up, < 0.1	
3791			Dn, < 0.1
3792	Up, < 0.1		Dn, < 0.001
3797			Dn, < 0.1
3800		Up, < 0.1	
3806			Dn, < 0.1
3808	Up, < 0.1	Up, < 0.1	
3813	Dn, < 0.1	Dn, < 0.1	Up, < 0.01
3814			Dn, < 0.1
3822			Dn, < 0.01
3828			Dn, < 0.1
3838	Dn, < 0.1		
3850	Dn, < 0.1		Up, < 0.1
3860		Dn, < 0.1	
3873			Up, < 0.1
3880			Up, < 0.1
3883			Dn, < 0.001
3889			Up, < 0.01
3893	Dn, < 0.1	Dn, < 0.1	Up, < 0.1
3900			Up, < 0.1
3908			Up, < 0.1
3918	Dn, < 0.1	Dn, < 0.1	
3921			Up, < 0.1
3923			Up, < 0.1
3925			Up, < 0.1
3934	Dn, < 0.1	Dn, < 0.1	
3938			Up, < 0.1
3940			Dn, < 0.1
3942			Up, < 0.1
3952		Up, < 0.1	
3953			Dn, < 0.1
3957			Up, < 0.1
3959		Dn, < 0.1	Up, < 0.01
3960			Up, < 0.1
3961	Dn, < 0.1	Dn, < 0.1	Up, < 0.1
3967			Up, < 0.1
3969			Up, < 0.1
3980	Dn, < 0.1	Dn, < 0.1	
3987	Up, < 0.1		
3992			Up, < 0.1
3993	Dn, < 0.1	Dn, < 0.1	
3996	Dn, < 0.1		
3997	Dn, < 0.01	Dn, < 0.1	
4008			Up, < 0.1
4012		Dn, < 0.1	Up, < 0.1
4015			Up, < 0.1
4016		Dn, < 0.1	Up, < 0.1
4021		Dn, < 0.1	
4024			Up, < 0.1
4026			Up, < 0.1
4030			Dn, < 0.1
4035		Dn, < 0.1	
4037			Dn, < 0.1
4039			Up, < 0.001
4043	Dn, < 0.1		
4052			Up, < 0.1
4053	Dn, < 0.1	Dn, < 0.1	
4054	Dn, < 0.1	Dn, < 0.1	Up, < 0.1
4056			Up, < 0.1
4057			Up, < 0.1
4058			Up, < 0.1
4059		Dn, < 0.1	
4060	Up, < 0.1	Up, < 0.1	
4061	Up, < 0.1	Up, < 0.1	
4062	Dn, < 0.1	Dn, < 0.01	
4074			Up, < 0.01
4076	Dn, < 0.1		
4077			Up, < 0.1
4080	Dn, < 0.01	Dn, < 0.01	Up, < 0.01
4081			Dn, < 0.01
4083			Up, < 0.1
4084			Up, < 0.1
4085	Dn, < 0.1		
4086	Dn, < 0.1		
4097	Up, < 0.1		Dn, < 0.1
4098		Up, < 0.1	
4102	Dn, < 0.1	Dn, < 0.1	
4111			Dn, < 0.1
4114			Dn, < 0.01
4115		Dn, < 0.1	Up, < 0.1
4117			Dn, < 0.1
4121	Up, < 0.1	Up, < 0.1	Dn, < 0.1
4124			Dn, < 0.1
4129			Up, < 0.1
4137			Up, < 0.1
4139			Up, < 0.1
4141			Up, < 0.1
4143	Up, < 0.1	Up, < 0.1	
4152	Dn, < 0.1	Dn, < 0.1	
4165			Up, < 0.1
4166	Dn, < 0.1		
4167			Up, < 0.1
4177			Dn, < 0.1
4178	Dn, < 0.1		
4181			Up, < 0.01
4183			Dn, < 0.1
4188	Dn, < 0.1		
4192			Up, < 0.1
4201		Dn, < 0.1	Up, < 0.1
4202			Dn, < 0.1
4203	Up, < 0.01	Up, < 0.001	
4209			Up, < 0.1
4210		Dn, < 0.1	
4216			Dn, < 0.1
4217			Up, < 0.1
4222	Dn, < 0.1	Dn, < 0.1	Up, < 0.1
4223	Dn, < 0.01	Dn, < 0.1	
4233	Dn, < 0.1	Dn, < 0.1	
4234			Up, < 0.1
4237	Dn, < 0.1		
4238			Dn, < 0.1
4245		Dn, < 0.1	
4246	Dn, < 0.1		Up, < 0.1
4251			Up, < 0.1
4253	Dn, < 0.1		
4255		Dn, < 0.1	Up, < 0.1
4257	Dn, < 0.1	Dn, < 0.1	Up, < 0.01
4261			Up, < 0.1
4262			Up, < 0.1
4263			Up, < 0.1
4265	Dn, < 0.1	Dn, < 0.1	
4269			Up, < 0.01
4270	Dn, < 0.1	Dn, < 0.1	Up, < 0.01
4280			Dn, < 0.1
4282			Dn, < 0.1
4283			Up, < 0.01
4289			Dn, < 0.1
4299			Up, < 0.1
4301		Dn, < 0.1	Up, < 0.1
4302			Up, < 0.1
4306			Dn, < 0.1
4313	Up, < 0.1	Up, < 0.1	
4318	Up, < 0.1		Dn, < 0.1
4320	Up, < 0.01	Up, < 0.01	
4328	Up, < 0.1		Dn, < 0.1
4344	Up, < 0.1	Up, < 0.1	
4350	Up, < 0.1	Up, < 0.1	
4355		Up, < 0.1	
4356			Dn, < 0.1
4368	Up, < 0.1		Dn, < 0.01
4374	Up, < 0.01	Up, < 0.1	Dn, < 0.01
4378			Up, < 0.1
4379	Dn, < 0.1	Dn, < 0.1	
4384	Dn, < 0.01	Dn, < 0.1	
4387	Up, < 0.01	Up, < 0.1	Dn, < 0.1
4388			Dn, < 0.01
4393	Up, < 0.1	Up, < 0.1	Dn, < 0.1
4394			Up, < 0.1
4397	Dn, < 0.1		
4398	Up, < 0.1		
4401			Up, < 0.1
4405	Up, < 0.01	Up, < 0.1	
4407	Up, < 0.1		Dn, < 0.01
4411	Up, < 0.1	Up, < 0.1	Dn, < 0.1
4412	Up, < 0.1	Up, < 0.1	
4417			Up, < 0.1
4418	Up, < 0.1	Up, < 0.1	
4423	Dn, < 0.1	Dn, < 0.1	Up, < 0.1
4427	Dn, < 0.1		Up, < 0.1
4435		Dn, < 0.1	
4453			Up, < 0.1
4455		Up, < 0.1	
4458		Up, < 0.1	
4468	Up, < 0.1	Up, < 0.01	Dn, < 0.1
4469			Dn, < 0.1
4470	Up, < 0.1		Dn, < 0.1
4474			Up, < 0.1
4476			Dn, < 0.1
4480			Dn, < 0.1
4483			Up, < 0.01
4489		Up, < 0.1	
4493			Dn, < 0.1
4497			Up, < 0.1
4499	Dn, < 0.01	Dn, < 0.01	Up, < 0.1
4501			Up, < 0.1
4507			Up, < 0.1
4508			Up, < 0.1
4511			Up, < 0.1
4517	Dn, < 0.1	Dn, < 0.1	
4519			Dn, < 0.1
4522			Up, < 0.1
4528			Up, < 0.1
4536			Up, < 0.1
4542		Up, < 0.1	Dn, < 0.1
4543			Dn, < 0.1
4548	Up, < 0.1	Up, < 0.01	Dn, < 0.01
4550	Up, < 0.1	Up, < 0.1	Dn, < 0.01
4551	Up, < 0.1	Up, < 0.1	
4552			Dn, < 0.1
4553		Up, < 0.1	
4556			Dn, < 0.1
4558			Dn, < 0.001
4570	Dn, < 0.1		Up, < 0.1
4579			Dn, < 0.1
4583		Dn, < 0.1	
4594		Dn, < 0.1	
4597			Up, < 0.1
4606	Dn, < 0.1	Dn, < 0.1	Up, < 0.01
4610	Dn, < 0.1		
4611	Up, < 0.1		
4622			Dn, < 0.1
4625		Up, < 0.1	
4638			Dn, < 0.01
4644			Dn, < 0.1
4646			Up, < 0.1
4654			Dn, < 0.01
4658			Dn, < 0.1
4662	Dn, < 0.1	Dn, < 0.1	
4664	Dn, < 0.1	Dn, < 0.1	
4669	Dn, < 0.1		
4673	Dn, < 0.1		
4674		Dn, < 0.1	Up, < 0.1
4675	Dn, < 0.1	Dn, < 0.1	Up, < 0.1
4676	Dn, < 0.1		Up, < 0.1
4682	Dn, < 0.1		
4690	Dn, < 0.01	Dn, < 0.1	Dn, < 0.1
4702			Up, < 0.01
4711	Dn, < 0.1	Dn, < 0.1	Dn, < 0.1
4713			Up, < 0.01
4715			Up, < 0.1
4720			Up, < 0.01
4722			Dn, < 0.1
4724			Dn, < 0.1
4729		Dn, < 0.1	Up, < 0.1
4731		Dn, < 0.1	Up, < 0.01
4737			Up, < 0.001
4742			Up, < 0.1
4743			Dn, < 0.1
4744			Dn, < 0.1
4746			Up, < 0.1
4749			Up, < 0.1
4752	Up, < 0.1	Up, < 0.1	
4755	Dn, < 0.1		
4770	Up, < 0.1		Dn, < 0.01
4772	Up, < 0.1	Up, < 0.1	
4774	Up, < 0.1		Dn, < 0.1
4775	Up, < 0.1		Dn, < 0.001
4777	Up, < 0.1	Up, < 0.1	
4779			Up, < 0.1
4781			Dn, < 0.1
4792	Up, < 0.1		Dn, < 0.01
4793		Dn, < 0.1	
4796			Dn, < 0.01
4802			Dn, < 0.1
4808	Dn, < 0.1	Dn, < 0.1	
4810	Up, < 0.1		Dn, < 0.1
4813			Dn, < 0.01
4818		Dn, < 0.1	
4820			Up, < 0.1
4823			Up, < 0.1
4825		Dn, < 0.1	
4827	Up, < 0.1		Dn, < 0.1
4832	Up, < 0.1		
4834	Up, < 0.1	Up, < 0.1	
4847		Dn, < 0.1	Up, < 0.1
4851			Dn, < 0.1
4853			Up, < 0.1
4855			Dn, < 0.1
4856			Up, < 0.1
4862			Dn, < 0.1
4863			Up, < 0.1
4873	Dn, < 0.1	Dn, < 0.1	
4874	Dn, < 0.1	Dn, < 0.1	
4877	Dn, < 0.1	Dn, < 0.1	
4881	Dn, < 0.01	Dn, < 0.1	
4882	Dn, < 0.1		
4883	Dn, < 0.1	Dn, < 0.1	
4885	Dn, < 0.1	Dn, < 0.1	
4888			Dn, < 0.1
4889		Dn, < 0.1	
4890		Dn, < 0.1	
4893	Dn, < 0.1	Dn, < 0.1	
4901	Dn, < 0.1	Dn, < 0.1	
4902	Dn, < 0.1	Dn, < 0.1	
4908			Dn, < 0.1
4909			Dn, < 0.1
4911			Dn, < 0.1
4912			Dn, < 0.1
4915	Up, < 0.1		
4917	Up, < 0.1	Up, < 0.1	
4918	Up, < 0.01	Up, < 0.1	Dn, < 0.1
4919	Up, < 0.1	Up, < 0.1	
4920			Dn, < 0.1
4922	Up, < 0.1		
4924	Up, < 0.1		Dn, < 0.001
4926	Up, < 0.01	Up, < 0.1	Dn, < 0.01
4929			Dn, < 0.01
4932			Dn, < 0.1
4937	Up, < 0.01	Up, < 0.1	Dn, < 0.001
4939		Dn, < 0.1	
4940			Dn, < 0.1
4943	Up, < 0.1		Dn, < 0.01
4951	Up, < 0.1	Up, < 0.1	Dn, < 0.1
4952	Up, < 0.1		
4954	Up, < 0.1	Up, < 0.1	
4956			Dn, < 0.01
4957	Up, < 0.1		
4960		Up, < 0.1	
4963			Dn, < 0.1
4964	Up, < 0.1	Up, < 0.1	
4965			Dn, < 0.1
4966	Up, < 0.1		Dn, < 0.001
4967			Dn, < 0.1
4977	Up, < 0.01	Up, < 0.1	
4978	Up, < 0.1	Up, < 0.1	Dn, < 0.1
4980			Dn, < 0.01
4989			Dn, < 0.1
4996	Up, < 0.1	Up, < 0.1	
4998			Dn, < 0.1
4999			Up, < 0.1
5000	Up, < 0.1		
5002	Up, < 0.1	Up, < 0.1	
5003	Up, < 0.1	Up, < 0.1	Dn, < 0.01
5004	Dn, < 0.1	Dn, < 0.1	Up, < 0.1
5007		Up, < 0.1	Dn, < 0.1
5011			Dn, < 0.1
5013			Dn, < 0.001
5014	Up, < 0.1		Dn, < 0.01
5022	Up, < 0.1		Dn, < 0.01
5030			Dn, < 0.1
5034	Up, < 0.1		
5038			Dn, < 0.1
5039	Up, < 0.1		
5042	Up, < 0.1		Dn, < 0.01
5043			Dn, < 0.001
5044			Dn, < 0.01
5045			Dn, < 0.001
5054		Up, < 0.1	
5057			Dn, < 0.1
5061	Up, < 0.1	Up, < 0.1	Dn, < 0.001
5062	Up, < 0.01	Up, < 0.1	Dn, < 0.01
5066	Up, < 0.01	Up, < 0.1	
5069	Up, < 0.1		
5072			Dn, < 0.001
5073			Dn, < 0.1
5075			Dn, < 0.01
5076		Up, < 0.1	
5081	Up, < 0.1		Dn, < 0.1
5086			Dn, < 0.1
5087	Up, < 0.1		Dn, < 0.01
5088			Dn, < 0.01
5090			Dn, < 0.01
5092			Dn, < 0.01
5094			Dn, < 0.1
5099	Up, < 0.01	Up, < 0.1	Dn, < 0.001
5103			Dn, < 0.1
5104	Up, < 0.1		Dn, < 0.1
5117			Dn, < 0.1
5121			Up, < 0.1
5122			Dn, < 0.1
5124	Up, < 0.1		Dn, < 0.1
5130	Up, < 0.1		Dn, < 0.001
5131			Dn, < 0.1
5132			Dn, < 0.1
5133			Up, < 0.1
5136			Up, < 0.1
5141			Up, < 0.1
5142			Dn, < 0.01
5146			Dn, < 0.001
5151			Dn, < 0.01
5154	Up, < 0.1	Up, < 0.01	
5155		Dn, < 0.1	
5165			Dn, < 0.01
5170	Up, < 0.1	Up, < 0.1	
5172	Up, < 0.1		
5175			Dn, < 0.1
5176	Up, < 0.1	Up, < 0.1	Dn, < 0.01
5182	Up, < 0.1	Up, < 0.1	
5185	Up, < 0.1		Dn, < 0.1
5189			Dn, < 0.1
5196		Dn, < 0.1	
5197		Dn, < 0.1	
5201			Dn, < 0.1
5205	Up, < 0.1	Up, < 0.1	Dn, < 0.1
5208			Dn, < 0.1
5210		Dn, < 0.1	
5211	Up, < 0.01		
5212	Up, < 0.1		
5216	Up, < 0.1		Dn, < 0.1
5219			Dn, < 0.001
5222			Dn, < 0.1
5223	Up, < 0.1		
5230			Dn, < 0.1
5231		Dn, < 0.1	Dn, < 0.01
5234			Up, < 0.1
5238			Dn, < 0.1
5244			Dn, < 0.1
5246	Up, < 0.1		Dn, < 0.1
5247		Up, < 0.1	
5249		Up, < 0.1	Up, < 0.1
5250	Up, < 0.001	Up, < 0.1	Dn, < 0.1
5253			Dn, < 0.1
5255			Dn, < 0.1
5257	Up, < 0.1		Dn, < 0.01
5260		Dn, < 0.1	Up, < 0.1
5261	Up, < 0.1		Dn, < 0.1
5262	Up, < 0.1	Up, < 0.1	Dn, < 0.1
5263			Dn, < 0.1
5266	Up, < 0.1	Up, < 0.1	Dn, < 0.01
5267			Dn, < 0.001
5269	Up, < 0.1		Dn, < 0.1
5270		Dn, < 0.1	
5275	Up, < 0.1		Dn, < 0.1
5276			Dn, < 0.1
5277		Up, < 0.01	
5280			Dn, < 0.1
5281	Up, < 0.1		
5288		Up, < 0.1	
5289	Up, < 0.1		
5298			Dn, < 0.1
5300			Up, < 0.1
5301	Up, < 0.1	Up, < 0.1	Dn, < 0.1
5308		Dn, < 0.1	Up, < 0.1
5309			Dn, < 0.1
5310		Dn, < 0.1	
5314			Dn, < 0.1
5315	Up, < 0.1		Dn, < 0.1
5319		Dn, < 0.1	
5325			Dn, < 0.1
5328	Up, < 0.1		Dn, < 0.01
5330	Up, < 0.1		Dn, < 0.1
5331	Up, < 0.1		Dn, < 0.01
5345	Up, < 0.01	Up, < 0.1	Dn, < 0.001
5350		Up, < 0.01	
5351	Dn, < 0.1	Dn, < 0.1	
5355	Up, < 0.1		Dn, < 0.1
5364	Up, < 0.1	Up, < 0.1	
5367			Up, < 0.1
5369			Up, < 0.1
5373			Up, < 0.1
5375			Dn, < 0.1
5376		Dn, < 0.1	
5380	Up, < 0.1	Up, < 0.1	Dn, < 0.01
5382			Dn, < 0.1
5384			Dn, < 0.1
5385	Up, < 0.1	Up, < 0.1	Dn, < 0.01
5386			Up, < 0.1
5387			Dn, < 0.1
5392			Up, < 0.1
5395		Dn, < 0.1	
5397	Up, < 0.1	Up, < 0.1	
5398	Up, < 0.1	Up, < 0.1	
5400	Up, < 0.1	Up, < 0.1	
5402	Up, < 0.1	Up, < 0.1	
5405		Dn, < 0.1	
5406	Up, < 0.1		
5408			Dn, < 0.01
5409	Dn, < 0.1	Dn, < 0.1	Up, < 0.1
5411		Dn, < 0.1	
5416			Dn, < 0.1
5420	Up, < 0.1	Up, < 0.1	
5422	Up, < 0.1		
5424	Up, < 0.01	Up, < 0.01	Dn, < 0.001
5425			Dn, < 0.1
5426		Dn, < 0.1	Dn, < 0.1
5429	Up, < 0.01	Up, < 0.1	
5433	Up, < 0.1		Dn, < 0.1
5444	Dn, < 0.1	Dn, < 0.1	
5448		Dn, < 0.1	Up, < 0.1
5451	Up, < 0.1		Dn, < 0.01
5457	Up, < 0.01	Up, < 0.1	
5460	Up, < 0.1	Up, < 0.1	
5461	Up, < 0.1	Up, < 0.1	
5464	Up, < 0.1	Up, < 0.1	Dn, < 0.001
5465	Up, < 0.1	Up, < 0.1	Dn, < 0.1
5466	Up, < 0.1	Up, < 0.1	Dn, < 0.1
5467	Up, < 0.1	Up, < 0.01	
5472	Up, < 0.01	Up, < 0.01	
5475	Dn, < 0.1	Dn, < 0.01	
5476	Up, < 0.1	Up, < 0.1	
5478	Up, < 0.001	Up, < 0.001	Dn, < 0.1
5479	Up, < 0.1	Up, < 0.1	
5482	Up, < 0.1		Dn, < 0.1
5483		Dn, < 0.1	
5487		Up, < 0.1	
5490			Dn, < 0.1
5492			Dn, < 0.01
5494	Up, < 0.1		
5495			Dn, < 0.01
5497	Up, < 0.1	Up, < 0.1	
5500	Up, < 0.1		
5501	Dn, < 0.1	Dn, < 0.1	
5502		Dn, < 0.1	
5503	Dn, < 0.1		Up, < 0.1
5508	Dn, < 0.1	Dn, < 0.1	
5509			Up, < 0.1
5512			Dn, < 0.1
5513			Dn, < 0.1
5522			Dn, < 0.1
5527			Dn, < 0.1
5534			Dn, < 0.01
5541		Up, < 0.1	
5542			Up, < 0.1
5545			Up, < 0.1
5551			Dn, < 0.1
5554	Dn, < 0.1	Dn, < 0.1	Up, < 0.1
5601			Up, < 0.1
5639		Up, < 0.1	Dn, < 0.1
5647			Up, < 0.1
5650		Dn, < 0.1	Up, < 0.1
5653		Up, < 0.1	
5679	Up, < 0.1		
5699	Up, < 0.01	Up, < 0.01	
5704			Dn, < 0.01
5719			Up, < 0.1
5725	Up, < 0.01	Up, < 0.01	Dn, < 0.01
5727	Up, < 0.1	Up, < 0.1	
5729	Up, < 0.1	Up, < 0.1	
5730		Up, < 0.1	
5732	Up, < 0.01	Up, < 0.001	
5735	Up, < 0.1	Up, < 0.01	
5737	Up, < 0.001	Up, < 0.001	
5739	Dn, < 0.1	Dn, < 0.1	
5741	Up, < 0.01	Up, < 0.01	
5742			Dn, < 0.1
5743	Up, < 0.1		
5746		Dn, < 0.1	
5748	Up, < 0.1	Up, < 0.01	
5753		Dn, < 0.1	
5754	Up, < 0.1	Up, < 0.1	
5756	Up, < 0.1	Up, < 0.1	
5758		Up, < 0.1	
5759			Dn, < 0.1
5760		Up, < 0.1	
5764	Up, < 0.1	Up, < 0.1	
5771			Up, < 0.1
5777	Up, < 0.1	Up, < 0.01	
5778		Up, < 0.1	
5779		Up, < 0.1	
5788		Dn, < 0.1	
5790			Up, < 0.1
5796	Up, < 0.1	Up, < 0.1	
5801			Up, < 0.1
5802	Up, < 0.1		
5804			Dn, < 0.1
5810			Dn, < 0.01
5813			Dn, < 0.1
5818			Up, < 0.1
5829	Up, < 0.1	Up, < 0.1	
5831		Dn, < 0.1	
5843	Up, < 0.1	Up, < 0.1	
5844			Dn, < 0.1
5857	Up, < 0.1		Dn, < 0.1
5858	Up, < 0.01	Up, < 0.01	
5869	Up, < 0.1		
5875		Dn, < 0.1	
5882			Up, < 0.1
5883			Up, < 0.1
5885			Up, < 0.1
5886			Dn, < 0.1
5912			Dn, < 0.1
5922	Up, < 0.1	Up, < 0.01	
5928			Up, < 0.1
5934	Dn, < 0.1	Dn, < 0.1	Up, < 0.1
5939			Dn, < 0.1
5958			Dn, < 0.1
5965			Dn, < 0.1
5967	Up, < 0.1	Up, < 0.1	
5969			Up, < 0.1
5974			Dn, < 0.1
5976			Up, < 0.1
5980			Dn, < 0.1
5981		Dn, < 0.1	
6002			Dn, < 0.1
6004		Dn, < 0.1	
6006			Up, < 0.1
6011			Dn, < 0.1
6014			Dn, < 0.01
6015			Dn, < 0.1
6018			Dn, < 0.1
6021			Dn, < 0.1
6027			Dn, < 0.01
6030		Dn, < 0.1	Up, < 0.01
6041		Dn, < 0.1	
6044		Dn, < 0.1	
6047	Up, < 0.1	Up, < 0.1	
6059	Up, < 0.1	Up, < 0.1	
6062			Dn, < 0.1
6065	Dn, < 0.1		
6070	Up, < 0.1	Up, < 0.1	Dn, < 0.1
6076			Dn, < 0.1
6079			Dn, < 0.1
6082			Dn, < 0.1
6087			Dn, < 0.1
6088			Dn, < 0.1
6093			Dn, < 0.1
6096			Dn, < 0.01
6105		Up, < 0.1	
6106	Up, < 0.1		
6109			Dn, < 0.1
6115			Dn, < 0.1
6118			Dn, < 0.1
6132		Up, < 0.1	
6133	Up, < 0.1	Up, < 0.1	
6140			Dn, < 0.1
6153			Dn, < 0.1
6154			Up, < 0.1
6166	Up, < 0.1		
6167	Dn, < 0.1	Dn, < 0.1	
6168			Dn, < 0.1
6170			Up, < 0.1
6174			Up, < 0.1
6175			Dn, < 0.1
6189			Up, < 0.1
6192		Dn, < 0.1	
6196			Dn, < 0.1
6200	Dn, < 0.01	Dn, < 0.01	
6205	Up, < 0.1		Dn, < 0.01
6206	Dn, < 0.1	Dn, < 0.1	Up, < 0.1
6211	Up, < 0.1	Up, < 0.1	
6212			Dn, < 0.1
6213	Dn, < 0.1	Dn, < 0.01	
6218	Up, < 0.001	Up, < 0.01	Dn, < 0.1
6221			Dn, < 0.1
6222			Dn, < 0.1
6227	Up, < 0.1	Up, < 0.1	Dn, < 0.1
6237	Dn, < 0.1	Dn, < 0.01	
6241	Up, < 0.1	Up, < 0.1	
6247	Dn, < 0.1		
6250		Dn, < 0.1	
6252	Up, < 0.01	Up, < 0.01	Dn, < 0.1
6256			Dn, < 0.1
6261			Dn, < 0.01
6268			Up, < 0.1
6269			Dn, < 0.1
6281		Up, < 0.1	
6287		Dn, < 0.1	
6290			Up, < 0.1
6291			Dn, < 0.1
6296			Up, < 0.1
6301	Dn, < 0.1	Dn, < 0.1	
6305		Up, < 0.1	
6307		Dn, < 0.1	
6312			Up, < 0.1
6319			Dn, < 0.1
6326			Up, < 0.1
6331	Up, < 0.1		Dn, < 0.1
6332		Dn, < 0.1	
6333			Up, < 0.01
6338			Dn, < 0.1
6343			Up, < 0.01
6346		Up, < 0.1	
6350	Up, < 0.1	Up, < 0.01	
6352	Up, < 0.1	Up, < 0.01	
6356			Dn, < 0.1
6358			Up, < 0.01
6359	Up, < 0.1	Up, < 0.01	
6362	Up, < 0.01	Up, < 0.01	
6370			Dn, < 0.1
6371	Up, < 0.1	Up, < 0.1	
6377	Up, < 0.1	Up, < 0.01	
6389	Up, < 0.1		Dn, < 0.001
6392			Up, < 0.1
6393			Dn, < 0.1
6396			Dn, < 0.001
6400	Up, < 0.1	Up, < 0.1	
6408		Up, < 0.1	
6409			Dn, < 0.1
6415			Up, < 0.1
6416		Up, < 0.1	
6417	Up, < 0.1	Up, < 0.1	
6428			Up, < 0.01
6438		Up, < 0.1	
6439		Up, < 0.1	Dn, < 0.1
6444	Up, < 0.1		
6445			Dn, < 0.1
6449			Dn, < 0.1
6450	Up, < 0.1		Dn, < 0.1
6454		Up, < 0.01	
6455		Up, < 0.1	
6456			Dn, < 0.1
6459			Dn, < 0.01
6461		Up, < 0.1	
6467	Up, < 0.1		
6470		Up, < 0.1	
6471			Dn, < 0.01
6473			Up, < 0.1
6477	Up, < 0.1	Up, < 0.01	Dn, < 0.1
6478			Dn, < 0.1
6481	Up, < 0.1	Up, < 0.01	
6483			Dn, < 0.01
6487			Dn, < 0.1
6489	Up, < 0.1	Up, < 0.1	
6498	Up, < 0.1	Up, < 0.01	Dn, < 0.1
6499		Up, < 0.1	Dn, < 0.1
6501			Up, < 0.1
6504			Dn, < 0.01
6506			Dn, < 0.1
6507			Dn, < 0.1
6509		Dn, < 0.1	
6514			Dn, < 0.01
6516			Dn, < 0.01
6524		Dn, < 0.1	Up, < 0.1
6540		Dn, < 0.1	
6545		Up, < 0.01	
6558		Up, < 0.1	
6559		Up, < 0.1	
6562			Up, < 0.1
6563	Up, < 0.1	Up, < 0.001	
6564		Up, < 0.1	
6565			Up, < 0.1
6567			Up, < 0.1
6572		Up, < 0.1	
6573			Up, < 0.1
6574			Up, < 0.1
6579		Up, < 0.1	
6581		Up, < 0.1	
6583			Up, < 0.1
6588			Up, < 0.1
6590	Up, < 0.1	Up, < 0.001	
6591		Up, < 0.1	
6593	Up, < 0.1	Up, < 0.01	Up, < 0.1
6594	Up, < 0.1	Up, < 0.001	
6595		Up, < 0.1	
6598			Up, < 0.1
6602			Up, < 0.1
6605			Up, < 0.1
6615		Up, < 0.1	
6620		Up, < 0.1	
6631		Up, < 0.1	
6634		Up, < 0.1	
6640		Up, < 0.1	
6651		Up, < 0.1	
6655		Up, < 0.01	
6662			Up, < 0.1
6673			Up, < 0.1
6678	Up, < 0.1	Up, < 0.1	
6681		Up, < 0.01	
6693	Up, < 0.1	Up, < 0.1	Up, < 0.1
6697	Up, < 0.1		Dn, < 0.1
6698		Up, < 0.1	
6699		Up, < 0.1	
6708			Up, < 0.1
6714	Up, < 0.1	Up, < 0.01	
6716		Up, < 0.1	
6721	Up, < 0.1	Up, < 0.1	
6739	Dn, < 0.1		
6743		Up, < 0.01	
6746	Up, < 0.1	Up, < 0.1	
6749		Up, < 0.1	
6754	Up, < 0.1	Up, < 0.1	
6755			Up, < 0.1
6756		Up, < 0.1	
6762		Up, < 0.1	
6766	Up, < 0.1		
6774			Up, < 0.1
6783			Up, < 0.1
6784	Up, < 0.1	Up, < 0.1	
6789	Up, < 0.1	Up, < 0.001	
6794		Up, < 0.1	
6796		Up, < 0.1	
6798	Up, < 0.1	Up, < 0.1	
6801	Up, < 0.1	Up, < 0.01	
6803	Up, < 0.1	Up, < 0.1	
6806	Up, < 0.1	Up, < 0.1	
6808		Up, < 0.1	
6811		Up, < 0.1	
6816		Up, < 0.1	
6820	Up, < 0.1	Up, < 0.1	Dn, < 0.01
6822	Up, < 0.1	Up, < 0.1	
6831		Up, < 0.1	
6833			Up, < 0.1
6835	Dn, < 0.1		Up, < 0.1
6848			Up, < 0.1
6849			Up, < 0.1
6850	Up, < 0.1		
6865			Dn, < 0.1
6867		Up, < 0.1	
6885			Up, < 0.1
6897			Dn, < 0.1
6898	Up, < 0.001	Up, < 0.001	
6899		Up, < 0.1	
6910		Up, < 0.1	
6919		Up, < 0.1	
6920	Up, < 0.1	Up, < 0.1	
6924		Up, < 0.1	
6937			Up, < 0.1
6939		Up, < 0.1	
6946		Dn, < 0.1	
6952		Up, < 0.1	
6955			Up, < 0.1
6971	Dn, < 0.1		
6977			Up, < 0.1
6984		Up, < 0.1	
6985		Up, < 0.1	
6986		Up, < 0.1	
6990		Up, < 0.1	
6993	Dn, < 0.1	Dn, < 0.1	Up, < 0.1
6997		Up, < 0.1	
7000		Up, < 0.1	
7002			Up, < 0.1
7004			Dn, < 0.1
7006			Dn, < 0.1
7007			Up, < 0.1
7008			Up, < 0.1
7010	Up, < 0.1	Up, < 0.1	Dn, < 0.1
7015	Up, < 0.1	Up, < 0.1	
7016	Up, < 0.1	Up, < 0.01	
7018		Up, < 0.1	Dn, < 0.1
7021	Up, < 0.1	Up, < 0.1	
7022		Up, < 0.1	
7025			Up, < 0.1
7027			Up, < 0.1
7029			Up, < 0.1
7032	Up, < 0.1		
7034			Up, < 0.1
7047			Up, < 0.1
7048			Up, < 0.1
7049			Dn, < 0.1
7051			Up, < 0.1
7053			Up, < 0.1
7056			Up, < 0.01
7063			Up, < 0.1
7068	Up, < 0.1		Dn, < 0.1
7069			Up, < 0.1
7072	Up, < 0.1	Up, < 0.1	Dn, < 0.1
7079	Dn, < 0.01	Dn, < 0.1	
7087	Up, < 0.1	Up, < 0.1	
7088			Up, < 0.01
7094			Dn, < 0.1
7096			Up, < 0.1
7107	Up, < 0.1	Up, < 0.01	
7112			Up, < 0.1
7115			Up, < 0.1
7119		Up, < 0.1	
7127		Up, < 0.1	
7132	Dn, < 0.1	Dn, < 0.1	
7133			Up, < 0.01
7136	Up, < 0.1	Up, < 0.1	
7137			Up, < 0.1
7138	Dn, < 0.1		
7142		Up, < 0.1	
7147		Up, < 0.1	
7152	Up, < 0.1	Up, < 0.01	
7158		Up, < 0.1	
7164			Up, < 0.1
7169			Up, < 0.1
7172		Up, < 0.1	
7179		Up, < 0.1	
7182			Up, < 0.1
7185			Up, < 0.1
7191		Up, < 0.1	
7200			Up, < 0.1
7203	Up, < 0.1	Up, < 0.1	
7214			Up, < 0.01
7217			Up, < 0.1
7219			Dn, < 0.1
7221	Dn, < 0.1		Up, < 0.01
7224		Up, < 0.1	
7229	Up, < 0.1	Up, < 0.1	
7231			Up, < 0.1
7232		Up, < 0.1	
7236	Dn, < 0.1	Dn, < 0.1	Up, < 0.1
7243	Dn, < 0.1		Up, < 0.1
7249		Dn, < 0.1	
7250			Dn, < 0.1
7252			Up, < 0.1
7262		Up, < 0.1	
7266	Dn, < 0.1		
7267			Up, < 0.01
7269	Up, < 0.1	Up, < 0.01	
7276	Dn, < 0.1	Dn, < 0.01	Dn, < 0.1
7277	Dn, < 0.1		Up, < 0.1
7287			Dn, < 0.01
7288	Up, < 0.1	Up, < 0.1	
7308	Dn, < 0.1		
7316			Dn, < 0.1
7317	Up, < 0.1	Up, < 0.01	
7324			Up, < 0.1
7326	Dn, < 0.1	Dn, < 0.1	
7335			Up, < 0.1
7338			Dn, < 0.1
7347		Up, < 0.1	Dn, < 0.1
7351	Up, < 0.01	Up, < 0.1	
7357			Dn, < 0.1
7360			Up, < 0.1
7366			Up, < 0.1
7373		Up, < 0.1	
7374			Up, < 0.1
7384	Dn, < 0.1	Dn, < 0.1	
7389	Dn, < 0.1	Dn, < 0.1	
7390	Dn, < 0.01	Dn, < 0.1	
7391	Dn, < 0.1	Dn, < 0.1	
7398	Dn, < 0.1	Dn, < 0.1	
7405	Dn, < 0.1	Dn, < 0.1	
7410	Dn, < 0.1	Dn, < 0.1	
7411			Dn, < 0.1
7415		Dn, < 0.1	
7419	Dn, < 0.1	Dn, < 0.01	
7420			Dn, < 0.1
7427			Up, < 0.1
7435			Dn, < 0.1
7444		Dn, < 0.1	
7459	Dn, < 0.1	Dn, < 0.1	
7460	Up, < 0.1	Up, < 0.1	Dn, < 0.1
7463			Dn, < 0.1
7473	Dn, < 0.1	Dn, < 0.01	
7474			Dn, < 0.1
7477			Up, < 0.01
7478		Dn, < 0.1	
7480		Dn, < 0.1	
7481	Dn, < 0.01	Dn, < 0.1	
7484	Dn, < 0.1	Dn, < 0.1	
7490	Up, < 0.1	Up, < 0.1	
7494			Dn, < 0.1
7495			Dn, < 0.1
7501	Up, < 0.1		
7502			Dn, < 0.1
7504	Up, < 0.1		
7505			Dn, < 0.1
7509			Dn, < 0.1
7511	Dn, < 0.1	Dn, < 0.1	
7515	Dn, < 0.1	Dn, < 0.1	
7529			Up, < 0.1
7536	Up, < 0.1		Dn, < 0.1
7538	Up, < 0.1		
7550		Up, < 0.1	
7553	Up, < 0.1		
7570		Dn, < 0.1	
7606	Up, < 0.1		
7642			Up, < 0.1
7684			Up, < 0.1
7688	Up, < 0.1	Up, < 0.01	
7703	Dn, < 0.1		
7704			Dn, < 0.1
7714		Dn, < 0.1	
7739			Up, < 0.1
7740	Dn, < 0.1		
7744	Dn, < 0.1	Dn, < 0.1	Up, < 0.1
7750	Up, < 0.1	Up, < 0.1	
7752	Up, < 0.1	Up, < 0.1	
7755		Dn, < 0.1	
7758			Dn, < 0.1
7760	Up, < 0.01	Up, < 0.001	Dn, < 0.01
7761		Up, < 0.1	
7766		Dn, < 0.1	Up, < 0.1
7768		Up, < 0.01	
7769		Up, < 0.1	Dn, < 0.1
7770		Up, < 0.1	
7771	Up, < 0.1	Up, < 0.1	
7772		Up, < 0.1	
7775	Up, < 0.1	Up, < 0.1	
7778	Up, < 0.1	Up, < 0.1	
7783			Dn, < 0.1
7785		Up, < 0.1	
7786	Up, < 0.1		Dn, < 0.1
7787		Up, < 0.1	
7789	Up, < 0.1		
7793		Up, < 0.1	
7796		Up, < 0.1	
7800		Up, < 0.1	
7801	Up, < 0.01	Up, < 0.1	
7829		Dn, < 0.1	
7831			Dn, < 0.1
7835	Up, < 0.1	Up, < 0.1	
7839			Dn, < 0.1
7843			Dn, < 0.1
7845			Dn, < 0.1
7852	Up, < 0.1	Up, < 0.1	
7853			Dn, < 0.1
7855	Up, < 0.1	Up, < 0.1	
7856	Up, < 0.1		
7864	Dn, < 0.1	Dn, < 0.1	
7865	Dn, < 0.1	Dn, < 0.1	Up, < 0.1
7866	Up, < 0.1	Up, < 0.01	
7868		Up, < 0.1	
7877	Up, < 0.1		
7883	Up, < 0.1		
7886		Up, < 0.1	
7892			Dn, < 0.1
7899			Dn, < 0.1
7901	Up, < 0.1		
7924	Up, < 0.1	Up, < 0.1	Dn, < 0.1
7981	Dn, < 0.1		Up, < 0.1
7989			Dn, < 0.1
7993	Dn, < 0.1		
7996			Dn, < 0.1
8004	Up, < 0.1		Dn, < 0.1
8006			Dn, < 0.1
8010		Up, < 0.1	
8030			Dn, < 0.1
8033	Dn, < 0.1		
8034	Up, < 0.1		
8047	Up, < 0.001	Up, < 0.001	Dn, < 0.1
8050			Up, < 0.1
8054	Dn, < 0.1		
8057			Up, < 0.1
8058	Up, < 0.1		Dn, < 0.1
8059	Dn, < 0.1	Dn, < 0.01	
8062			Up, < 0.1
8065			Dn, < 0.01
8066		Dn, < 0.1	Up, < 0.1
8067	Dn, < 0.1		
8069			Dn, < 0.1
8072			Dn, < 0.1
8074			Dn, < 0.1
8076			Up, < 0.01
8077	Up, < 0.1	Up, < 0.1	
8083	Dn, < 0.1		Up, < 0.1
8084			Dn, < 0.1
8092			Up, < 0.1
8093			Dn, < 0.01
8095			Up, < 0.1
8097			Dn, < 0.01
8098			Up, < 0.1
8100			Dn, < 0.001
8101	Up, < 0.1		Dn, < 0.1
8104	Dn, < 0.01	Dn, < 0.01	Up, < 0.1
8106			Dn, < 0.1
8115	Up, < 0.1	Up, < 0.1	Dn, < 0.1
8116		Dn, < 0.1	
8117			Dn, < 0.1
8118			Up, < 0.1
8119			Dn, < 0.01
8122		Dn, < 0.1	
8125	Up, < 0.1	Up, < 0.1	
8130	Up, < 0.01	Up, < 0.1	
8131	Up, < 0.1	Up, < 0.01	
8132	Up, < 0.1		Dn, < 0.01
8133			Dn, < 0.1
8138		Up, < 0.1	
8139			Dn, < 0.1
8140	Up, < 0.1		
8143	Dn, < 0.1		
8148	Dn, < 0.1	Dn, < 0.1	Up, < 0.1
8150	Up, < 0.1		
8156			Dn, < 0.1
8157			Dn, < 0.01
8161			Dn, < 0.1
8164	Up, < 0.1		
8166	Up, < 0.1		
8167	Up, < 0.1		Dn, < 0.01
8171			Up, < 0.1
8172			Dn, < 0.1
8182	Up, < 0.01	Up, < 0.01	
8184	Dn, < 0.1		
8185			Dn, < 0.1
8196			Up, < 0.1
8197	Dn, < 0.1	Dn, < 0.1	
8199		Up, < 0.1	
8200			Dn, < 0.1
8205	Up, < 0.01	Up, < 0.1	
8206	Up, < 0.1		
8208	Up, < 0.1	Up, < 0.1	Dn, < 0.1
8214			Dn, < 0.01
8224	Up, < 0.1		Dn, < 0.01
8232		Up, < 0.1	
8240	Dn, < 0.1	Dn, < 0.1	
8260		Up, < 0.1	
8274	Up, < 0.1		
8285			Up, < 0.1
8289	Up, < 0.1	Up, < 0.1	
8301	Up, < 0.1		
8302	Up, < 0.1		
8305	Dn, < 0.1	Dn, < 0.1	
8306	Up, < 0.1		
8307			Dn, < 0.1
8308			Dn, < 0.01
8312	Up, < 0.1	Up, < 0.1	
8318		Up, < 0.1	
8320	Up, < 0.1		
8328			Up, < 0.1
8331		Up, < 0.1	
8336	Up, < 0.1	Up, < 0.01	
8343	Up, < 0.1		Dn, < 0.01
8351	Up, < 0.1		
8358	Up, < 0.01	Up, < 0.1	
8367			Dn, < 0.1
8454		Dn, < 0.1	
8464			Dn, < 0.1
8470			Dn, < 0.1
8472			Dn, < 0.1
8476			Dn, < 0.1
8479			Dn, < 0.1
8490	Up, < 0.1		
8495	Up, < 0.01		
8498			Dn, < 0.1
8503	Up, < 0.1		Dn, < 0.1
8505	Up, < 0.1		
8507	Up, < 0.1		
8511	Up, < 0.1		
8512			Dn, < 0.001
8515			Dn, < 0.01
8519		Dn, < 0.1	Dn, < 0.1
8524		Up, < 0.1	Dn, < 0.1
8530			Dn, < 0.1
8535			Dn, < 0.1
8538			Dn, < 0.01
8539		Up, < 0.1	Dn, < 0.1
8540			Dn, < 0.1
8558			Dn, < 0.1
8559			Dn, < 0.1
8563	Up, < 0.01	Up, < 0.01	
8569	Dn, < 0.1		Up, < 0.1
8571			Dn, < 0.1
8583			Dn, < 0.1
8585	Dn, < 0.1		Up, < 0.1
8587			Dn, < 0.1
8591	Dn, < 0.1		
8596			Up, < 0.1
8599	Dn, < 0.1		Up, < 0.1
8602	Dn, < 0.1	Dn, < 0.1	
8606		Dn, < 0.1	
8632			Up, < 0.1
8633		Dn, < 0.01	
8636	Dn, < 0.1		
8651	Up, < 0.1	Up, < 0.1	
8668	Up, < 0.1	Up, < 0.1	
8672	Dn, < 0.1		
8675			Up, < 0.1
8683	Up, < 0.1		Dn, < 0.1
8685	Dn, < 0.1		
8688	Dn, < 0.1		
8689		Dn, < 0.1	
8690			Dn, < 0.1
8691		Up, < 0.1	
8700			Dn, < 0.01
8701	Up, < 0.1	Up, < 0.1	
8702		Dn, < 0.1	
8706			Dn, < 0.1
8710	Dn, < 0.1		
8715	Dn, < 0.1		
8717	Up, < 0.1	Up, < 0.1	
8729		Up, < 0.1	
8731	Up, < 0.1	Up, < 0.1	Dn, < 0.1
8732	Up, < 0.1	Up, < 0.01	Dn, < 0.1
8742			Up, < 0.1
8747		Dn, < 0.1	Up, < 0.1
8748			Up, < 0.1
8752			Up, < 0.1
8753	Dn, < 0.1	Dn, < 0.1	
8756	Dn, < 0.1		Up, < 0.001
8757		Up, < 0.1	
8763			Up, < 0.01
8764			Up, < 0.1
8765			Up, < 0.1
8771			Up, < 0.1
8777			Dn, < 0.1
8781			Up, < 0.1
8782			Dn, < 0.1
8787			Up, < 0.1
8788			Up, < 0.1
8789	Up, < 0.1	Up, < 0.1	Dn, < 0.01
8790			Up, < 0.1
8795	Dn, < 0.1		Up, < 0.01
8799	Dn, < 0.1		Up, < 0.1
8803			Up, < 0.01
8806	Dn, < 0.1	Dn, < 0.1	Up, < 0.1
8812	Dn, < 0.1		Up, < 0.01
8813			Up, < 0.1
8814			Up, < 0.1
8819			Up, < 0.01
8823		Up, < 0.1	Dn, < 0.1
8825			Up, < 0.1
8826			Up, < 0.01
8839			Up, < 0.1
8848	Dn, < 0.1		
8849			Up, < 0.1
8853			Up, < 0.1
8854			Up, < 0.1
8860	Dn, < 0.1		
8861			Up, < 0.1
8866			Up, < 0.1
8870			Up, < 0.1
8878			Up, < 0.1
8881			Up, < 0.1
8885			Dn, < 0.01
8889	Dn, < 0.1	Dn, < 0.1	Up, < 0.1
8897	Up, < 0.1	Up, < 0.1	
8904			Dn, < 0.1
8908	Up, < 0.1	Up, < 0.1	
8909			Up, < 0.1
8945			Dn, < 0.1
8954			Up, < 0.1
8961	Up, < 0.1		
8962	Up, < 0.1	Up, < 0.1	
8967	Up, < 0.1	Up, < 0.1	
8968	Up, < 0.1		
8969			Up, < 0.1
8970	Up, < 0.1	Up, < 0.1	
8971			Up, < 0.1
8972			Up, < 0.1
8981	Up, < 0.01	Up, < 0.01	Dn, < 0.1
8987			Up, < 0.1
8996	Up, < 0.01	Up, < 0.01	Dn, < 0.1
8997		Dn, < 0.1	Up, < 0.1
8999			Dn, < 0.1
9000		Dn, < 0.1	Up, < 0.1
9001			Dn, < 0.01
9006	Up, < 0.1		Dn, < 0.1
9022	Dn, < 0.1	Dn, < 0.1	Up, < 0.01
9037	Up, < 0.1	Up, < 0.1	
9064			Dn, < 0.1
9068	Up, < 0.01	Up, < 0.1	Dn, < 0.01
9069			Dn, < 0.1
9070	Up, < 0.1	Up, < 0.1	Dn, < 0.1
9079	Up, < 0.01	Up, < 0.1	
9080			Dn, < 0.1
9086			Up, < 0.1
9091	Dn, < 0.1	Dn, < 0.1	
9098	Up, < 0.1	Up, < 0.1	
9104			Dn, < 0.1
9110	Up, < 0.1		
9117	Dn, < 0.1	Dn, < 0.1	
9123	Up, < 0.1	Up, < 0.01	
9127	Up, < 0.1	Up, < 0.1	Dn, < 0.1
9128			Dn, < 0.1
9146		Dn, < 0.1	
9153			Up, < 0.1
9161	Up, < 0.01	Up, < 0.01	
9166	Up, < 0.1	Up, < 0.1	
9169			Up, < 0.01
9173	Dn, < 0.1		Up, < 0.01
9179			Up, < 0.1
9183			Dn, < 0.001
9201			Up, < 0.1
9212	Up, < 0.1	Up, < 0.1	
9230			Dn, < 0.1
9235	Up, < 0.001	Up, < 0.01	
9240			Dn, < 0.1
9246			Dn, < 0.1
9248		Up, < 0.1	
9264			Up, < 0.1
9265			Dn, < 0.1
9273			Up, < 0.1
9274			Dn, < 0.1
9286			Dn, < 0.1
9295	Up, < 0.1		
9301			Dn, < 0.1
9303	Up, < 0.1	Up, < 0.1	
9307			Up, < 0.1
9312			Up, < 0.1
9317	Dn, < 0.1	Dn, < 0.1	
9318			Up, < 0.1
9319		Dn, < 0.1	
9322			Up, < 0.1
9334			Up, < 0.1
9335	Up, < 0.1		
9341	Dn, < 0.1		
9342			Up, < 0.1
9346	Up, < 0.1	Up, < 0.1	
9348			Up, < 0.1
9354	Dn, < 0.1		
9363			Dn, < 0.01
9365		Up, < 0.1	
9367		Dn, < 0.1	
9378	Up, < 0.1		
9385			Up, < 0.1
9395	Dn, < 0.1		
9398			Up, < 0.1
9408			Dn, < 0.01
9409	Dn, < 0.1	Dn, < 0.1	Up, < 0.1
9415			Dn, < 0.1
9418	Up, < 0.001	Up, < 0.001	
9424			Dn, < 0.1
9426			Dn, < 0.1
9439	Dn, < 0.1	Dn, < 0.1	
9446	Up, < 0.1		
9447		Up, < 0.1	
9456	Up, < 0.1	Up, < 0.01	
9457		Up, < 0.1	
9464	Up, < 0.1	Up, < 0.1	Dn, < 0.1
9468	Up, < 0.1		
9479			Up, < 0.1
9483		Up, < 0.1	
9489			Up, < 0.1
9490	Up, < 0.1		
9495	Dn, < 0.1		
9497		Dn, < 0.1	Up, < 0.01
9498	Up, < 0.1	Up, < 0.1	Dn, < 0.01
9509	Up, < 0.1	Up, < 0.1	Dn, < 0.1
9512			Dn, < 0.1
9513		Up, < 0.1	
9514		Up, < 0.1	Dn, < 0.01
9518	Up, < 0.1	Up, < 0.1	Dn, < 0.01
9523	Up, < 0.1	Up, < 0.1	Dn, < 0.01
9524	Up, < 0.1		
9533	Up, < 0.1	Up, < 0.1	Dn, < 0.1
9540			Up, < 0.1
9541	Up, < 0.01	Up, < 0.1	Dn, < 0.1
9543			Dn, < 0.01
9548	Dn, < 0.1		Up, < 0.1
9550	Up, < 0.1	Up, < 0.1	
9552	Dn, < 0.1	Dn, < 0.1	Dn, < 0.1
9555	Up, < 0.1	Up, < 0.1	
9562	Up, < 0.1	Up, < 0.1	Dn, < 0.1
9566	Dn, < 0.1	Dn, < 0.1	
9567		Up, < 0.1	
9569	Up, < 0.01	Up, < 0.1	Dn, < 0.01
9570			Dn, < 0.01
9572	Up, < 0.1		
9577			Dn, < 0.01
9579			Dn, < 0.1
9581	Up, < 0.1	Up, < 0.01	Dn, < 0.01
9587	Up, < 0.1	Up, < 0.1	
9589	Up, < 0.1		Dn, < 0.001
9590			Dn, < 0.1
9596	Up, < 0.1	Up, < 0.1	
9599			Dn, < 0.1
9612		Up, < 0.1	
9619	Up, < 0.1	Up, < 0.1	
9620		Up, < 0.1	
9621			Up, < 0.1
9623			Up, < 0.01
9624			Dn, < 0.1
9644	Up, < 0.1	Up, < 0.1	Dn, < 0.1
9647			Up, < 0.1
9659	Up, < 0.1	Up, < 0.1	
9660	Up, < 0.1	Up, < 0.1	
9664			Dn, < 0.1
9668	Dn, < 0.1	Dn, < 0.1	
9669			Dn, < 0.1
9672	Up, < 0.1	Up, < 0.1	
9682			Dn, < 0.1
9692	Up, < 0.1	Up, < 0.1	
9695	Dn, < 0.1	Dn, < 0.1	Up, < 0.1
9713	Up, < 0.1		
9716		Dn, < 0.1	Up, < 0.1
9717			Dn, < 0.1
9727	Up, < 0.1	Up, < 0.1	
9733			Dn, < 0.01
9738	Dn, < 0.1	Dn, < 0.1	Up, < 0.1
9742			Dn, < 0.1
9743			Dn, < 0.1
9744	Up, < 0.1	Up, < 0.1	Dn, < 0.1
9751			Up, < 0.1
9765	Up, < 0.1		
9770			Up, < 0.1
9772			Up, < 0.1
9774	Up, < 0.1	Up, < 0.01	
9775			Dn, < 0.1
9776			Up, < 0.1
9783			Up, < 0.1
9790	Up, < 0.1		
9795			Dn, < 0.1
9796	Up, < 0.1	Up, < 0.1	
9804		Up, < 0.1	
9813	Up, < 0.01	Up, < 0.1	Dn, < 0.1
9819	Up, < 0.1		
9822	Up, < 0.01	Up, < 0.1	Dn, < 0.01
9856			Up, < 0.01
9865		Up, < 0.1	
9879			Up, < 0.1
9885		Dn, < 0.1	
9891			Dn, < 0.1
9892	Up, < 0.1		Dn, < 0.01
9893		Up, < 0.1	
9895	Dn, < 0.1		Up, < 0.1
9897	Up, < 0.1	Up, < 0.01	Dn, < 0.1
9903	Up, < 0.1		
9907		Up, < 0.1	Dn, < 0.1
9918		Dn, < 0.1	
9931	Dn, < 0.1	Dn, < 0.1	
9932		Dn, < 0.1	Up, < 0.1
9933		Dn, < 0.1	
9934		Dn, < 0.1	
9936		Dn, < 0.1	
9940	Up, < 0.1	Up, < 0.01	
9943	Dn, < 0.1	Dn, < 0.1	
9944		Dn, < 0.1	
9956		Dn, < 0.1	
9965	Up, < 0.1	Up, < 0.1	
9970			Up, < 0.1
9979		Up, < 0.1	
9990		Dn, < 0.1	
9993	Up, < 0.1		Dn, < 0.1
9996	Up, < 0.01	Up, < 0.001	Dn, < 0.01
9998			Up, < 0.1
10003		Dn, < 0.1	
10004	Up, < 0.1		Dn, < 0.1
10008		Up, < 0.1	
10012		Up, < 0.1	Dn, < 0.1
10013			Dn, < 0.1
10016		Up, < 0.1	
10020			Up, < 0.1
10027		Up, < 0.1	
10034	Dn, < 0.1		Up, < 0.01
10044	Up, < 0.1		
10050			Up, < 0.1
10054			Up, < 0.1
10055			Up, < 0.01
10058			Up, < 0.1
10059			Up, < 0.1
10069		Up, < 0.1	
10071	Up, < 0.1		
10074	Up, < 0.1	Up, < 0.1	
10077			Up, < 0.1
10080		Up, < 0.1	
10087	Up, < 0.1		Dn, < 0.1
10093			Dn, < 0.1
10098	Dn, < 0.1	Dn, < 0.1	Up, < 0.1
10108		Up, < 0.1	
10112	Up, < 0.1	Up, < 0.1	
10121	Dn, < 0.01	Dn, < 0.1	
10132			Up, < 0.1
10150	Up, < 0.1		
10162			Dn, < 0.1
10165	Up, < 0.1	Up, < 0.1	
10166			Up, < 0.01
10168	Dn, < 0.1		
10169			Up, < 0.1
10174			Dn, < 0.1
10177			Dn, < 0.1
10178	Up, < 0.1		
10180	Dn, < 0.1	Dn, < 0.1	
10188			Dn, < 0.1
10194			Dn, < 0.1
10201			Dn, < 0.1
10209		Dn, < 0.1	
10211			Dn, < 0.1
10220			Up, < 0.1
10221			Up, < 0.1
10226			Dn, < 0.1
10227			Up, < 0.1
10231	Dn, < 0.1	Dn, < 0.1	
10253	Up, < 0.01	Up, < 0.1	Dn, < 0.001
10266		Up, < 0.1	Up, < 0.1
10270			Up, < 0.01
10271			Up, < 0.1
10275	Up, < 0.01	Up, < 0.1	Dn, < 0.001
10276	Dn, < 0.1	Dn, < 0.1	
10279	Up, < 0.1	Up, < 0.1	
10280			Up, < 0.1
10281	Up, < 0.1	Up, < 0.01	Dn, < 0.1
10294			Dn, < 0.1
10295	Dn, < 0.1	Dn, < 0.1	
10301	Dn, < 0.01	Dn, < 0.1	
10302		Up, < 0.1	
10306	Dn, < 0.1	Dn, < 0.01	
10307	Dn, < 0.1	Dn, < 0.1	
10308	Dn, < 0.01	Dn, < 0.01	
10309	Dn, < 0.1	Dn, < 0.1	
10311		Up, < 0.1	
10313	Up, < 0.1		
10320	Up, < 0.1		
10321			Dn, < 0.1
10330			Dn, < 0.1
10332		Up, < 0.1	Dn, < 0.1
10336			Dn, < 0.1
10338		Up, < 0.1	
10340		Dn, < 0.1	
10341		Up, < 0.1	
10342	Up, < 0.1		
10345	Up, < 0.1	Up, < 0.01	Dn, < 0.1
10350	Up, < 0.1		
10351			Dn, < 0.1
10356		Dn, < 0.1	Up, < 0.1
10357		Dn, < 0.1	
10359	Up, < 0.1	Up, < 0.1	Dn, < 0.1
10360	Up, < 0.1	Up, < 0.1	
10361	Up, < 0.1	Up, < 0.1	
10363			Dn, < 0.1
10364			Dn, < 0.1
10366	Up, < 0.1		
10367			Dn, < 0.1
10369	Up, < 0.1	Up, < 0.1	
10372			Dn, < 0.01
10373			Dn, < 0.1
10393	Up, < 0.1		
10396	Up, < 0.1	Up, < 0.1	Dn, < 0.01
10408			Dn, < 0.1
10413		Up, < 0.1	
10415		Up, < 0.1	
10420		Up, < 0.1	
10421		Up, < 0.1	
10425		Up, < 0.1	
10431			Up, < 0.1
10432		Up, < 0.1	
10436		Up, < 0.1	
10439		Up, < 0.1	
10441		Up, < 0.1	
10443		Up, < 0.1	
10447		Up, < 0.1	
10452	Up, < 0.1	Up, < 0.01	
10459	Up, < 0.1	Up, < 0.1	
10461	Up, < 0.1		
10468	Up, < 0.1	Up, < 0.01	
10470			Dn, < 0.1
10471		Up, < 0.1	
10473	Up, < 0.1	Up, < 0.01	
10486			Dn, < 0.1
10490		Up, < 0.1	
10491			Dn, < 0.01
10497			Dn, < 0.1
10501		Dn, < 0.1	
10511	Up, < 0.1	Up, < 0.1	
10520	Up, < 0.1	Up, < 0.1	
10533	Up, < 0.1		
10535	Dn, < 0.1	Dn, < 0.1	Up, < 0.1
10536	Up, < 0.1		
10538		Up, < 0.1	
10539		Up, < 0.1	
10547	Up, < 0.1	Up, < 0.1	
10560			Dn, < 0.1
10569			Dn, < 0.1
10578			Dn, < 0.1
10579	Up, < 0.1		Dn, < 0.1
10581			Dn, < 0.1
10596	Up, < 0.1		
10600		Up, < 0.1	
10603	Dn, < 0.1		Up, < 0.1
10606		Dn, < 0.1	Up, < 0.1
10635	Up, < 0.1		Dn, < 0.1
10639	Up, < 0.01		
10645			Up, < 0.1
10671	Up, < 0.1		
10676			Up, < 0.1
10678	Dn, < 0.01	Dn, < 0.01	
10684		Up, < 0.1	
10686		Up, < 0.1	
10702		Up, < 0.1	
10713		Up, < 0.01	
10717		Up, < 0.01	
10722			Dn, < 0.1
10726			Dn, < 0.1
10734			Dn, < 0.1
10735	Up, < 0.1		
10744	Up, < 0.1		
10745	Up, < 0.1	Up, < 0.1	Dn, < 0.1
10747		Up, < 0.1	
10757	Up, < 0.01	Up, < 0.01	Dn, < 0.1
10760	Up, < 0.1		
10765	Up, < 0.01	Up, < 0.1	
10767			Dn, < 0.1
10773	Up, < 0.1	Up, < 0.1	
10782	Up, < 0.01	Up, < 0.001	
10785			Up, < 0.1
10788	Up, < 0.1	Up, < 0.1	
10789	Dn, < 0.1	Dn, < 0.1	Up, < 0.1
10793			Up, < 0.1
10803		Up, < 0.1	
10824			Up, < 0.1
10831		Dn, < 0.1	
10851			Up, < 0.1
10858			Up, < 0.1
10859		Dn, < 0.1	
10871			Dn, < 0.1
10872	Dn, < 0.1	Dn, < 0.1	Up, < 0.1
10873	Dn, < 0.1	Dn, < 0.1	
10888			Dn, < 0.1
10896			Up, < 0.1
10897			Up, < 0.1
10899			Up, < 0.1
10909		Dn, < 0.1	
10921		Up, < 0.1	
10926			Dn, < 0.1
10932		Up, < 0.1	
10933			Up, < 0.1
10938			Dn, < 0.1
10942			Dn, < 0.1
10946	Dn, < 0.1		
10955		Up, < 0.1	
10956	Up, < 0.1		
10962		Dn, < 0.1	Up, < 0.1
10964	Up, < 0.1		
10978	Dn, < 0.1		
10988	Up, < 0.1		Dn, < 0.1
10991			Dn, < 0.01
10996		Dn, < 0.1	
10998		Up, < 0.1	Dn, < 0.1
10999	Dn, < 0.1	Dn, < 0.1	
11005	Up, < 0.1	Up, < 0.1	
11007	Up, < 0.1	Up, < 0.1	
11010	Up, < 0.1	Up, < 0.1	
11016	Up, < 0.1		
11018			Up, < 0.1
11026	Up, < 0.1		
11030			Up, < 0.1
11034			Dn, < 0.1
11037	Up, < 0.1	Up, < 0.1	Dn, < 0.1
11039			Up, < 0.1
11043	Up, < 0.01		Dn, < 0.01
11045	Up, < 0.1		
11050			Dn, < 0.1
11063		Up, < 0.1	
11081			Dn, < 0.01
11083	Up, < 0.1	Up, < 0.1	Dn, < 0.1
11109	Up, < 0.1		
11112			Dn, < 0.01
11123	Up, < 0.1		
11138		Dn, < 0.1	
11142			Dn, < 0.1
11143		Dn, < 0.1	Up, < 0.1
11148			Dn, < 0.1
11149		Dn, < 0.1	
11152	Dn, < 0.1	Dn, < 0.1	Up, < 0.1
11161	Dn, < 0.1	Dn, < 0.1	Up, < 0.01
11166		Dn, < 0.1	
11170		Dn, < 0.1	
11184	Up, < 0.1		
11186			Dn, < 0.1
11189			Up, < 0.01
11198			Up, < 0.1
11213		Dn, < 0.1	
11214	Dn, < 0.1		
11216	Dn, < 0.01		
11221		Up, < 0.1	
11226		Dn, < 0.1	
