FAMILY_ID	row_id	p_cat_dir|base|sebum	p_cat_dir|base|skicon	p_cat_dir|groups|oily-norm	p_cat_dir|groups|skicon	p_cat_dir|oily|exfol	p_cat_dir|oily|F-B	p_cat_dir|oily|F-B|A	p_cat_dir|oily|F-B|B	p_cat_dir|oily|F-B|B-A	p_cat_dir|oily|F-B|C	p_cat_dir|oily|F-B|C-A	p_cat_dir|oily|F-B|C-B	p_cat_dir|oily|sebum	p_cat_dir|oily|skicon
X940001	1								Dn, < 0.1				Up, < 0.1		
X940002	2					Dn, < 0.1									
X940005	5	Dn, < 0.1		Dn, < 0.001											Up, < 0.01
X940007	7		Up, < 0.1		Up, < 0.1	Dn, < 0.1	Dn, < 0.001	Dn, < 0.001	Dn, < 0.01		Dn, < 0.001			Up, < 0.1	
X940010	10	Up, < 0.01		Up, < 0.1										Up, < 0.1	
X940013	13						Dn, < 0.1				Dn, < 0.1				
X940014	14								Dn, < 0.1				Up, < 0.1		
X940021	21														Dn, < 0.1
X940022	22												Up, < 0.1		Dn, < 0.1
X940024	24						Up, < 0.1	Up, < 0.1		Dn, < 0.1				Up, < 0.1	
X940025	25			Dn, < 0.1	Up, < 0.1	Dn, < 0.1		Dn, < 0.1							
X940026	26								Dn, < 0.001	Dn, < 0.1			Up, < 0.01	Up, < 0.01	
X940027	27	Up, < 0.01		Up, < 0.1										Up, < 0.1	
X940028	28					Dn, < 0.01							Up, < 0.1		
X940029	29	Up, < 0.1		Up, < 0.1					Up, < 0.1				Dn, < 0.1		
X940031	31	Dn, < 0.1		Dn, < 0.01			Dn, < 0.1	Dn, < 0.1							
X940032	32										Up, < 0.1	Up, < 0.1	Up, < 0.1		Up, < 0.1
X940034	34								Dn, < 0.1				Up, < 0.1		
X940040	40								Dn, < 0.1						Dn, < 0.1
X940043	43		Dn, < 0.1		Dn, < 0.1		Up, < 0.1	Up, < 0.1						Dn, < 0.1	
X940045	45													Dn, < 0.1	
X940047	47		Dn, < 0.1		Dn, < 0.1									Dn, < 0.1	Dn, < 0.1
X940048	48														Dn, < 0.1
X940049	49		Up, < 0.1		Up, < 0.1										
X940050	50								Dn, < 0.1	Dn, < 0.1		Dn, < 0.1		Up, < 0.1	
X940053	53	Up, < 0.1		Up, < 0.1					Dn, < 0.1						
X940054	54														Dn, < 0.1
X940058	58					Dn, < 0.01									
X940059	59		Up, < 0.1		Up, < 0.1										
X940062	62	Up, < 0.1		Up, < 0.1											
X940069	69					Up, < 0.1						Up, < 0.1			
X940072	72	Up, < 0.1	Dn, < 0.1		Dn, < 0.1	Up, < 0.1									
X940073	73			Dn, < 0.1			Up, < 0.1								
X940074	74								Dn, < 0.1	Dn, < 0.1			Up, < 0.01	Up, < 0.1	
X940080	80	Dn, < 0.1													
X940084	84									Up, < 0.1					
X940086	86					Up, < 0.01								Dn, < 0.1	
X940089	89														Dn, < 0.1
X940091	91						Dn, < 0.1								
X940092	92	Up, < 0.001		Up, < 0.01										Up, < 0.1	
X940093	93								Dn, < 0.1				Up, < 0.1		
X940097	97							Dn, < 0.1	Dn, < 0.1		Dn, < 0.1			Up, < 0.1	
X940102	102		Dn, < 0.1		Dn, < 0.1	Dn, < 0.1		Up, < 0.1							
X940104	104											Dn, < 0.1			
X940108	108								Dn, < 0.1	Dn, < 0.1			Up, < 0.1		
X940115	115										Dn, < 0.1				
X940120	120	Dn, < 0.01		Dn, < 0.001											
X940126	126					Up, < 0.1									
X940127	127	Dn, < 0.1	Dn, < 0.1	Dn, < 0.1	Dn, < 0.1						Dn, < 0.1	Dn, < 0.1			
X940129	129												Dn, < 0.1		
X940130	130	Dn, < 0.01		Dn, < 0.01										Dn, < 0.1	
X940133	133					Up, < 0.1			Up, < 0.1	Up, < 0.1			Dn, < 0.1		
X940143	143	Up, < 0.1												Up, < 0.1	
X940145	145					Up, < 0.1									
X940147	147		Dn, < 0.1		Dn, < 0.1										
X940148	148					Up, < 0.1			Up, < 0.1						
X940152	152		Dn, < 0.1	Up, < 0.1	Dn, < 0.1										
X940158	158						Dn, < 0.1								
X940163	163					Dn, < 0.1			Up, < 0.01	Up, < 0.1					
X940168	168										Dn, < 0.1	Dn, < 0.1	Dn, < 0.1		
X940176	176											Dn, < 0.1			
X940178	178			Up, < 0.1		Up, < 0.1									
X940179	179			Dn, < 0.1			Dn, < 0.1	Dn, < 0.1							
X940184	184								Up, < 0.01	Up, < 0.1			Dn, < 0.01		
X940185	185					Up, < 0.01						Dn, < 0.1			
X940186	186					Up, < 0.1					Up, < 0.1		Up, < 0.1		
X940193	193													Up, < 0.1	
X940203	203		Dn, < 0.01		Dn, < 0.1						Up, < 0.1	Up, < 0.1	Up, < 0.1		
X940211	211														Dn, < 0.1
X940214	214	Dn, < 0.1					Dn, < 0.1	Dn, < 0.1		Up, < 0.1	Dn, < 0.01		Dn, < 0.1		
X940217	217					Up, < 0.1									
X940223	223		Dn, < 0.1		Dn, < 0.1										Dn, < 0.01
X940227	227					Up, < 0.01									
X940230	230								Dn, < 0.1				Up, < 0.1	Up, < 0.1	
X940232	232	Up, < 0.1					Up, < 0.1				Up, < 0.1		Up, < 0.1	Up, < 0.01	
X940233	233								Dn, < 0.1				Up, < 0.1	Up, < 0.1	
X940237	237	Up, < 0.1					Up, < 0.001	Up, < 0.1	Up, < 0.1		Up, < 0.01				
X940239	239								Up, < 0.1				Dn, < 0.1		
X940244	244														Dn, < 0.1
X940248	248								Up, < 0.01					Dn, < 0.1	
X940251	251					Up, < 0.001					Up, < 0.1				
X940256	256					Up, < 0.01			Up, < 0.1	Up, < 0.1			Dn, < 0.1	Dn, < 0.1	
X940259	259	Up, < 0.1		Up, < 0.1							Dn, < 0.1		Dn, < 0.1	Up, < 0.1	
X940261	261						Up, < 0.01							Up, < 0.001	
X940264	264												Up, < 0.1	Up, < 0.1	
X940270	270										Up, < 0.1				
X940271	271														Dn, < 0.1
X940278	278		Up, < 0.1		Up, < 0.1									Up, < 0.1	
X940281	281														Dn, < 0.1
X940284	284					Up, < 0.1									
X940288	288	Up, < 0.1		Up, < 0.001	Dn, < 0.1		Up, < 0.1		Up, < 0.1						Dn, < 0.1
X940291	291													Up, < 0.1	Dn, < 0.1
X940297	297		Dn, < 0.1		Dn, < 0.1				Up, < 0.1						
X940301	301			Dn, < 0.1		Up, < 0.1									
X940302	302	Dn, < 0.1							Up, < 0.1						
X940303	303													Up, < 0.1	
X940305	305					Dn, < 0.1							Up, < 0.1		
X940306	306	Dn, < 0.01		Dn, < 0.1										Dn, < 0.01	
X940312	312					Dn, < 0.1				Dn, < 0.1			Up, < 0.1		
X940314	314		Up, < 0.01		Up, < 0.01										Up, < 0.01
X940322	322								Up, < 0.1						
X940324	324													Dn, < 0.1	
X940325	325								Dn, < 0.01			Up, < 0.1	Up, < 0.01	Up, < 0.1	
X940329	329										Up, < 0.1				
X940332	332						Dn, < 0.1				Dn, < 0.1			Dn, < 0.1	
X940335	335														Dn, < 0.1
X940338	338		Dn, < 0.01		Dn, < 0.01				Up, < 0.1				Dn, < 0.1	Up, < 0.1	Dn, < 0.001
X940339	339	Up, < 0.1												Up, < 0.1	
X940347	347		Dn, < 0.1	Dn, < 0.1	Dn, < 0.1	Up, < 0.1									
X940349	349								Dn, < 0.1	Dn, < 0.1				Up, < 0.1	
X940351	351	Up, < 0.1		Up, < 0.1											Dn, < 0.1
X940353	353						Dn, < 0.1	Dn, < 0.1	Dn, < 0.1			Up, < 0.1			
X940354	354	Dn, < 0.1		Dn, < 0.1		Dn, < 0.1			Dn, < 0.1						
X940355	355					Up, < 0.1									
X940364	364													Dn, < 0.1	
X940368	368	Up, < 0.1													
X940374	374		Up, < 0.1		Up, < 0.1			Up, < 0.1		Dn, < 0.1		Dn, < 0.1			
X940375	375		Dn, < 0.1		Dn, < 0.1	Up, < 0.01						Up, < 0.1			
X940379	379					Up, < 0.1						Up, < 0.1	Up, < 0.1		
X940383	383	Up, < 0.1		Up, < 0.1										Up, < 0.1	
X940391	391					Up, < 0.1									
X940411	411						Dn, < 0.01	Dn, < 0.1						Dn, < 0.1	
X940413	413								Dn, < 0.01	Dn, < 0.1			Up, < 0.01	Up, < 0.1	
X940420	420						Up, < 0.1								
X940444	444														Dn, < 0.01
X940445	445														Dn, < 0.1
X940450	450		Dn, < 0.1		Dn, < 0.1				Dn, < 0.01	Dn, < 0.1			Up, < 0.1		Dn, < 0.001
X940456	456				Up, < 0.1				Up, < 0.1				Dn, < 0.1		
X940474	474														Dn, < 0.1
X940483	483							Dn, < 0.1		Up, < 0.1					Up, < 0.1
X940484	484								Dn, < 0.1	Dn, < 0.1			Up, < 0.1		
X940487	487						Up, < 0.1		Up, < 0.1		Up, < 0.1			Dn, < 0.1	
X940488	488						Dn, < 0.1							Dn, < 0.1	
X940498	498		Up, < 0.1		Up, < 0.1									Up, < 0.1	
X940501	501	Up, < 0.1		Up, < 0.1							Dn, < 0.1	Dn, < 0.1			
X940506	506						Dn, < 0.1							Dn, < 0.1	
X940529	529		Dn, < 0.1		Dn, < 0.1									Dn, < 0.1	Dn, < 0.01
X940532	532														Dn, < 0.1
X940534	534													Dn, < 0.1	
X940535	535							Up, < 0.01	Dn, < 0.1	Dn, < 0.001		Dn, < 0.1			
X940540	540					Up, < 0.1									
X940547	547		Dn, < 0.1		Dn, < 0.01		Dn, < 0.1		Dn, < 0.1				Up, < 0.1		Dn, < 0.01
X940550	550								Dn, < 0.01	Dn, < 0.1			Up, < 0.1	Up, < 0.001	
X940551	551										Up, < 0.1				
X940555	555													Up, < 0.1	
X940558	558					Up, < 0.1									
X940560	560								Dn, < 0.1					Up, < 0.01	
X940562	562														Dn, < 0.1
X940570	570	Up, < 0.1		Up, < 0.1		Up, < 0.1									
X940571	571													Up, < 0.1	
X940580	580														Dn, < 0.1
X940584	584	Up, < 0.1									Dn, < 0.1				
X940589	589	Up, < 0.1													
X940602	602													Dn, < 0.1	Dn, < 0.1
X940606	606	Up, < 0.1													
X940625	625						Dn, < 0.1							Dn, < 0.1	Dn, < 0.1
X940641	641						Dn, < 0.01	Dn, < 0.1			Dn, < 0.1				
X940649	649		Dn, < 0.1		Dn, < 0.1										
X940652	652	Dn, < 0.1		Dn, < 0.01				Up, < 0.1	Up, < 0.1			Dn, < 0.1	Dn, < 0.1		
X940662	662			Dn, < 0.1			Up, < 0.1		Up, < 0.1						
X940674	674						Up, < 0.001		Up, < 0.1					Up, < 0.1	
X940689	689				Dn, < 0.1									Dn, < 0.1	Dn, < 0.1
X940690	690											Up, < 0.1			
X940700	700						Dn, < 0.1							Dn, < 0.01	
X940714	714														Dn, < 0.1
X940721	721								Dn, < 0.1				Up, < 0.1		
X940748	748			Up, < 0.1											
X940756	756		Up, < 0.1		Up, < 0.1										
X940761	761	Up, < 0.1				Dn, < 0.1	Up, < 0.01	Up, < 0.1						Up, < 0.1	
X940763	763		Dn, < 0.1		Dn, < 0.1	Up, < 0.1			Up, < 0.1						
X940769	769														Dn, < 0.1
X940778	778		Up, < 0.1		Up, < 0.1	Dn, < 0.01									
X940786	786					Up, < 0.01									
X940796	796		Dn, < 0.1		Dn, < 0.1										
X940816	816					Up, < 0.01									
X940827	827							Up, < 0.1		Dn, < 0.1					
X940833	833		Dn, < 0.1		Dn, < 0.1										
X940843	843								Dn, < 0.1						
X940844	844														Dn, < 0.1
X940847	847					Up, < 0.01									
X940852	852	Up, < 0.1		Up, < 0.01											
X940863	863													Up, < 0.1	
X940871	871													Up, < 0.001	
X940882	882	Up, < 0.1	Dn, < 0.1		Dn, < 0.1										
X940892	892					Dn, < 0.1					Up, < 0.1	Up, < 0.1	Up, < 0.1		
X940907	907							Dn, < 0.1		Up, < 0.1		Up, < 0.1		Dn, < 0.1	
X940912	912							Dn, < 0.1							
X940917	917	Up, < 0.1				Up, < 0.1									
X940925	925		Up, < 0.1		Up, < 0.1										
X940936	936	Up, < 0.1		Up, < 0.1		Dn, < 0.01						Up, < 0.1	Up, < 0.1		
X940941	941	Up, < 0.1	Dn, < 0.01		Dn, < 0.1										
X940946	946					Up, < 0.01									Up, < 0.1
X940961	961			Up, < 0.1											Dn, < 0.1
X940966	966					Up, < 0.1			Up, < 0.1						
X940968	968								Dn, < 0.1				Up, < 0.1		
X941001	1001					Up, < 0.1		Dn, < 0.1		Up, < 0.1			Dn, < 0.1		
X941014	1014		Up, < 0.1		Up, < 0.1				Dn, < 0.1						
X941024	1024					Dn, < 0.1								Up, < 0.1	
X941028	1028								Dn, < 0.01	Dn, < 0.1			Up, < 0.1	Up, < 0.1	
X941037	1037				Dn, < 0.1										Dn, < 0.1
X941043	1043								Up, < 0.1		Up, < 0.1				
X941046	1046					Up, < 0.1			Up, < 0.1	Up, < 0.1				Dn, < 0.1	
X941049	1049									Dn, < 0.1					Dn, < 0.01
X941051	1051								Dn, < 0.1				Up, < 0.01	Up, < 0.01	
X941066	1066						Dn, < 0.1	Dn, < 0.1			Dn, < 0.1				Up, < 0.1
X941074	1074			Dn, < 0.1			Up, < 0.1		Up, < 0.01				Dn, < 0.1		
X941079	1079		Dn, < 0.1		Dn, < 0.1										Dn, < 0.01
X941080	1080						Up, < 0.001	Up, < 0.1	Up, < 0.001		Up, < 0.001	Up, < 0.1			
X941091	1091					Up, < 0.01								Dn, < 0.1	
X941095	1095		Dn, < 0.1		Dn, < 0.1										Dn, < 0.001
X941118	1118								Dn, < 0.1						
X941124	1124	Up, < 0.01												Up, < 0.01	
X941134	1134				Up, < 0.1	Dn, < 0.1									
X941144	1144							Dn, < 0.1		Up, < 0.1				Dn, < 0.01	
X941153	1153		Dn, < 0.1		Dn, < 0.1										
X941192	1192										Dn, < 0.1		Dn, < 0.1		Dn, < 0.1
X941202	1202	Up, < 0.01		Up, < 0.1										Up, < 0.1	
X941204	1204					Up, < 0.01									
X941208	1208														Dn, < 0.1
X941241	1241		Dn, < 0.1		Dn, < 0.1										
X941250	1250								Dn, < 0.1				Up, < 0.1		Dn, < 0.1
X941253	1253								Dn, < 0.1	Dn, < 0.1			Up, < 0.1		
X941257	1257	Up, < 0.1		Up, < 0.1										Up, < 0.1	Dn, < 0.1
X941259	1259						Dn, < 0.1	Dn, < 0.1				Up, < 0.1			
X941265	1265												Up, < 0.1		
X941308	1308								Dn, < 0.1		Up, < 0.1	Up, < 0.1	Up, < 0.01		Dn, < 0.1
X941320	1320	Dn, < 0.1		Dn, < 0.1											
X941367	1367		Up, < 0.1		Up, < 0.1										
X941373	1373														Up, < 0.1
X941384	1384								Up, < 0.1	Up, < 0.1					
X941385	1385		Up, < 0.1		Up, < 0.1		Dn, < 0.01	Dn, < 0.1			Dn, < 0.001		Dn, < 0.1		
X941392	1392	Dn, < 0.1				Dn, < 0.1	Up, < 0.1		Up, < 0.1		Up, < 0.1				
X941398	1398					Dn, < 0.1					Dn, < 0.1		Dn, < 0.1		
X941404	1404	Up, < 0.1												Up, < 0.1	
X941408	1408					Up, < 0.01								Dn, < 0.1	
X941422	1422		Dn, < 0.01	Up, < 0.1	Dn, < 0.01	Up, < 0.1									Dn, < 0.1
X941439	1439		Dn, < 0.1		Dn, < 0.1										Dn, < 0.01
X941445	1445						Dn, < 0.1								
X941454	1454							Dn, < 0.1							
X941460	1460	Up, < 0.1							Dn, < 0.1						
X941464	1464					Up, < 0.1									
X941519	1519	Dn, < 0.1	Up, < 0.1	Dn, < 0.1	Up, < 0.1										Up, < 0.1
X941547	1547	Dn, < 0.1		Dn, < 0.1		Up, < 0.1									
X941582	1582					Up, < 0.1	Dn, < 0.1								
X941617	1617					Up, < 0.01								Dn, < 0.1	
X941623	1623										Dn, < 0.1		Dn, < 0.1		
X941624	1624								Dn, < 0.01				Up, < 0.1		
X941639	1639	Dn, < 0.1													
X941680	1680						Dn, < 0.1								
X941684	1684						Up, < 0.1	Up, < 0.1						Up, < 0.1	
X941709	1709		Up, < 0.1		Up, < 0.1				Up, < 0.1						
X941714	1714		Dn, < 0.1		Dn, < 0.1									Dn, < 0.1	Dn, < 0.01
X941759	1759					Dn, < 0.1									
X941807	1807		Dn, < 0.1		Dn, < 0.1						Up, < 0.1	Up, < 0.1			
X941817	1817								Up, < 0.01	Up, < 0.01	Up, < 0.1	Up, < 0.1		Dn, < 0.1	
X941887	1887	Dn, < 0.01		Dn, < 0.01											
X941902	1902							Dn, < 0.1		Up, < 0.1	Dn, < 0.1		Dn, < 0.1		
X942011	2011								Up, < 0.1				Dn, < 0.1		
X942026	2026	Dn, < 0.1													
X942094	2094		Dn, < 0.1		Dn, < 0.1	Up, < 0.01		Dn, < 0.1		Up, < 0.1		Up, < 0.1			
X942191	2191		Up, < 0.1		Up, < 0.1	Dn, < 0.01									Up, < 0.01
X942237	2237	Up, < 0.1				Up, < 0.1									
X942303	2303					Up, < 0.1									
X942319	2319	Up, < 0.1		Up, < 0.1											
X942359	2359		Up, < 0.1		Up, < 0.1	Dn, < 0.01									
X942398	2398	Up, < 0.1				Up, < 0.1	Up, < 0.1							Up, < 0.01	
X942402	2402						Dn, < 0.1								
X942429	2429								Up, < 0.1	Up, < 0.1			Dn, < 0.1		
X942467	2467														Dn, < 0.1
X942489	2489										Dn, < 0.01	Dn, < 0.1	Dn, < 0.1		
X942490	2490		Dn, < 0.1		Dn, < 0.1										Dn, < 0.1
X942504	2504								Up, < 0.01				Dn, < 0.1		
X950003	3						Dn, < 0.01	Dn, < 0.01	Dn, < 0.1		Dn, < 0.01				
X950006	6					Dn, < 0.1									
X950007	7	Up, < 0.1		Up, < 0.1											
X950008	8					Dn, < 0.01		Dn, < 0.1							
X950010	10		Dn, < 0.1		Dn, < 0.1	Up, < 0.01				Up, < 0.1					
X950012	12			Up, < 0.1											
X950015	15	Up, < 0.1		Up, < 0.01									Dn, < 0.1		
X950016	16	Dn, < 0.1													Dn, < 0.1
X950017	17	Dn, < 0.1	Up, < 0.1	Dn, < 0.1			Up, < 0.1	Up, < 0.01	Up, < 0.1			Dn, < 0.1			Up, < 0.1
X950018	18	Dn, < 0.01	Up, < 0.01	Dn, < 0.1	Up, < 0.01				Up, < 0.01	Up, < 0.1			Dn, < 0.1		
X950020	20					Dn, < 0.01			Dn, < 0.1						
X950023	23	Up, < 0.01													Up, < 0.1
X950028	28	Up, < 0.1													Up, < 0.1
X950032	32		Dn, < 0.1	Up, < 0.1	Dn, < 0.1		Dn, < 0.1								Dn, < 0.1
X950035	35								Up, < 0.1					Dn, < 0.1	Dn, < 0.1
X950037	37					Up, < 0.1			Up, < 0.1				Dn, < 0.1		
X950040	40														Up, < 0.1
X950041	41													Dn, < 0.1	Dn, < 0.1
X950042	42										Dn, < 0.1		Dn, < 0.01		
X950044	44	Dn, < 0.1		Dn, < 0.1		Dn, < 0.1									
X950046	46	Dn, < 0.1	Up, < 0.01		Up, < 0.1			Up, < 0.1		Dn, < 0.01					Up, < 0.1
X950048	48					Dn, < 0.1									
X950053	53	Dn, < 0.1		Dn, < 0.1											
X950054	54					Up, < 0.1		Up, < 0.1							
X950055	55								Dn, < 0.1						
X950056	56	Up, < 0.1													Up, < 0.01
X950058	58	Up, < 0.1						Dn, < 0.1		Up, < 0.1				Up, < 0.1	Up, < 0.1
X950061	61			Dn, < 0.1		Dn, < 0.001									
X950065	65	Up, < 0.1		Up, < 0.1										Up, < 0.1	
X950069	69								Dn, < 0.1						
X950071	71	Dn, < 0.1		Dn, < 0.1		Dn, < 0.1									
X950073	73							Dn, < 0.1				Up, < 0.1	Up, < 0.1		
X950074	74		Dn, < 0.01		Dn, < 0.01										Dn, < 0.1
X950077	77					Up, < 0.1			Up, < 0.1		Dn, < 0.1	Dn, < 0.1	Dn, < 0.1		
X950078	78					Dn, < 0.1									
X950079	79	Up, < 0.1				Up, < 0.1	Up, < 0.1		Up, < 0.1				Dn, < 0.1	Up, < 0.1	
X950080	80			Dn, < 0.1	Up, < 0.1	Dn, < 0.1	Dn, < 0.01	Dn, < 0.01	Dn, < 0.1		Dn, < 0.1				
X950083	83	Dn, < 0.1				Up, < 0.1								Dn, < 0.1	
X950086	86		Up, < 0.1		Up, < 0.1	Dn, < 0.1									Up, < 0.1
X950088	88					Dn, < 0.01									
X950089	89	Dn, < 0.1		Dn, < 0.1					Up, < 0.1					Dn, < 0.1	
X950094	94						Up, < 0.1					Dn, < 0.1			Up, < 0.1
X950099	99										Dn, < 0.1				
X950101	101							Dn, < 0.01		Up, < 0.1					
X950102	102	Up, < 0.1							Up, < 0.1						
X950105	105	Dn, < 0.01		Dn, < 0.1				Dn, < 0.1		Up, < 0.1				Dn, < 0.1	
X950110	110				Up, < 0.1		Dn, < 0.01	Dn, < 0.001	Dn, < 0.1	Up, < 0.1	Dn, < 0.01				
X950112	112		Dn, < 0.1		Dn, < 0.1										Dn, < 0.1
X950117	117														Dn, < 0.1
X950119	119			Up, < 0.1		Up, < 0.1	Dn, < 0.001	Dn, < 0.1	Dn, < 0.01				Up, < 0.1		
X950121	121								Dn, < 0.1	Dn, < 0.1			Up, < 0.1		
X950125	125		Dn, < 0.1	Up, < 0.1	Dn, < 0.1		Dn, < 0.1								Dn, < 0.1
X950126	126	Dn, < 0.01	Up, < 0.1	Dn, < 0.1	Up, < 0.1	Up, < 0.1								Dn, < 0.01	Up, < 0.1
X950127	127	Dn, < 0.1													
X950130	130				Dn, < 0.1	Dn, < 0.1									
X950132	132	Dn, < 0.1													
X950135	135								Up, < 0.1						Dn, < 0.1
X950136	136													Up, < 0.01	
X950137	137					Up, < 0.1									
X950138	138					Up, < 0.1		Dn, < 0.1	Up, < 0.01	Up, < 0.01			Dn, < 0.01		
X950139	139					Dn, < 0.1								Dn, < 0.1	
X950141	141	Dn, < 0.1						Up, < 0.1				Dn, < 0.1			
X950143	143								Dn, < 0.1				Up, < 0.1		
X950145	145			Up, < 0.1					Up, < 0.01	Up, < 0.1			Dn, < 0.01		
X950146	146						Dn, < 0.1								Dn, < 0.1
X950147	147	Up, < 0.001		Up, < 0.01		Up, < 0.1			Up, < 0.1	Up, < 0.1			Dn, < 0.1		
X950149	149					Dn, < 0.01									
X950154	154	Up, < 0.1		Up, < 0.1					Up, < 0.01	Up, < 0.1			Dn, < 0.01		
X950157	157								Dn, < 0.1						
X950158	158						Dn, < 0.1		Dn, < 0.1						
X950162	162					Up, < 0.1									
X950164	164		Up, < 0.1		Up, < 0.1	Dn, < 0.1									
X950167	167	Dn, < 0.01		Dn, < 0.01											
X950169	169	Up, < 0.1													
X950173	173		Up, < 0.1		Up, < 0.1	Dn, < 0.1	Up, < 0.1								Up, < 0.1
X950179	179	Dn, < 0.1		Dn, < 0.1										Dn, < 0.1	
X950182	182					Dn, < 0.1			Dn, < 0.1				Up, < 0.1		
X950183	183			Up, < 0.1							Dn, < 0.1		Dn, < 0.1		
X950186	186						Dn, < 0.1	Dn, < 0.1	Dn, < 0.1			Up, < 0.1	Up, < 0.1		
X950187	187	Up, < 0.01		Up, < 0.1					Up, < 0.1	Up, < 0.1			Dn, < 0.1	Up, < 0.1	
X950189	189	Dn, < 0.1													
X950190	190	Up, < 0.1		Up, < 0.1											
X950191	191						Up, < 0.1							Up, < 0.1	
X950192	192	Up, < 0.1				Dn, < 0.1									
X950193	193		Up, < 0.1		Up, < 0.1										
X950198	198	Dn, < 0.1													
X950200	200	Dn, < 0.1		Dn, < 0.1		Dn, < 0.1									
X950209	209	Up, < 0.1	Dn, < 0.1	Up, < 0.1	Dn, < 0.1	Up, < 0.1									Dn, < 0.1
X950212	212	Up, < 0.1		Up, < 0.1											
X950214	214						Dn, < 0.1								
X950218	218		Dn, < 0.1		Dn, < 0.1										
X950219	219	Up, < 0.1													Dn, < 0.1
X950223	223						Up, < 0.1							Up, < 0.1	
X950225	225	Up, < 0.1													Up, < 0.1
X950226	226		Dn, < 0.1		Dn, < 0.1		Dn, < 0.1							Dn, < 0.1	Dn, < 0.1
X950228	228	Up, < 0.1													
X950233	233	Up, < 0.1													Up, < 0.1
X950241	241		Dn, < 0.1		Dn, < 0.1		Dn, < 0.1								Dn, < 0.1
X950242	242	Up, < 0.1		Up, < 0.1											
X950245	245						Up, < 0.01	Up, < 0.1	Up, < 0.1		Up, < 0.1				
X950247	247	Up, < 0.1		Up, < 0.1											
X950248	248	Up, < 0.1		Up, < 0.1		Up, < 0.001			Up, < 0.1				Dn, < 0.1		
X950250	250					Dn, < 0.01								Up, < 0.1	Dn, < 0.1
X950252	252					Dn, < 0.1			Dn, < 0.1						
X950254	254										Up, < 0.1		Up, < 0.1		
X950256	256					Up, < 0.1			Up, < 0.1	Up, < 0.1					
X950260	260					Up, < 0.1									
X950262	262						Up, < 0.001	Up, < 0.1	Up, < 0.01		Up, < 0.001	Up, < 0.1			
X950267	267	Dn, < 0.1	Up, < 0.1		Up, < 0.1	Up, < 0.1									
X950270	270			Dn, < 0.1		Dn, < 0.1									
X950271	271	Dn, < 0.1		Dn, < 0.1		Up, < 0.1								Dn, < 0.1	
X950274	274	Dn, < 0.1		Dn, < 0.1		Dn, < 0.1									
X950275	275		Up, < 0.1		Up, < 0.1										
X950279	279							Dn, < 0.1				Up, < 0.1			
X950280	280								Dn, < 0.1						
X950281	281								Dn, < 0.1				Up, < 0.1		
X950283	283	Dn, < 0.1													
X950287	287					Up, < 0.1									Dn, < 0.1
X950288	288						Dn, < 0.1	Dn, < 0.01			Dn, < 0.1				
X950296	296								Up, < 0.1						
X950297	297														Up, < 0.1
X950300	300						Up, < 0.1		Up, < 0.1						
X950302	302								Up, < 0.01	Up, < 0.1			Dn, < 0.01		
X950313	313													Dn, < 0.1	
X950314	314										Dn, < 0.1	Dn, < 0.1			
X950319	319											Up, < 0.1	Up, < 0.1	Dn, < 0.1	
X950321	321													Up, < 0.1	Dn, < 0.1
X950322	322					Up, < 0.1	Dn, < 0.1			Up, < 0.1					Dn, < 0.01
X950329	329					Dn, < 0.1		Dn, < 0.1	Dn, < 0.1						
X950331	331	Dn, < 0.1	Up, < 0.1	Dn, < 0.1	Up, < 0.1	Dn, < 0.1									Up, < 0.1
X950333	333								Dn, < 0.1	Dn, < 0.1					
X950348	348					Up, < 0.01								Dn, < 0.1	
X950353	353	Dn, < 0.001	Up, < 0.1	Dn, < 0.001	Up, < 0.1									Dn, < 0.1	
X950358	358	Up, < 0.1				Up, < 0.1									Up, < 0.01
X950359	359					Up, < 0.1									Dn, < 0.1
X950360	360	Up, < 0.1				Up, < 0.1									Dn, < 0.1
X950361	361										Up, < 0.1	Up, < 0.1	Up, < 0.1		
X950383	383			Dn, < 0.1			Up, < 0.1				Up, < 0.1				
X950390	390	Dn, < 0.1							Dn, < 0.1	Dn, < 0.1			Up, < 0.1		
X950391	391					Dn, < 0.1									
X950392	392					Up, < 0.1									
X950396	396	Up, < 0.1													Up, < 0.1
X950400	400							Up, < 0.1		Dn, < 0.1					
X950406	406				Dn, < 0.1	Up, < 0.01	Dn, < 0.1								
X950409	409							Dn, < 0.1		Up, < 0.1		Up, < 0.1			
X950425	425			Up, < 0.1					Up, < 0.1	Up, < 0.1			Dn, < 0.1		
X950428	428				Dn, < 0.1	Up, < 0.01		Dn, < 0.1		Up, < 0.1					
X950430	430			Dn, < 0.1			Up, < 0.1				Up, < 0.1		Up, < 0.1		Up, < 0.1
X950432	432					Dn, < 0.1									
X950434	434	Up, < 0.1								Up, < 0.1			Dn, < 0.1		
X950466	466					Up, < 0.1					Up, < 0.1				Dn, < 0.1
X950474	474									Up, < 0.1			Dn, < 0.1		
X950477	477	Dn, < 0.1									Dn, < 0.1		Dn, < 0.1		
X950478	478						Dn, < 0.1		Dn, < 0.1				Up, < 0.1		
X950483	483		Dn, < 0.1		Dn, < 0.1										
X950484	484									Dn, < 0.1					
X950485	485	Up, < 0.1													
X950490	490								Dn, < 0.01	Dn, < 0.01			Up, < 0.1	Up, < 0.1	
X950491	491	Dn, < 0.01	Up, < 0.1	Dn, < 0.1										Dn, < 0.01	Up, < 0.1
X950503	503	Dn, < 0.1		Dn, < 0.1										Dn, < 0.1	Up, < 0.1
X950504	504							Dn, < 0.01		Up, < 0.1		Up, < 0.01			
X950509	509							Dn, < 0.1				Up, < 0.1			
X950512	512	Dn, < 0.1		Dn, < 0.1		Up, < 0.1		Up, < 0.1	Up, < 0.1			Dn, < 0.1	Dn, < 0.1	Dn, < 0.1	
X950516	516		Dn, < 0.1		Dn, < 0.1		Dn, < 0.1								
X950517	517	Up, < 0.1							Up, < 0.1	Up, < 0.1			Dn, < 0.1		
X950521	521	Up, < 0.1													
X950525	525	Dn, < 0.1													
X950528	528						Dn, < 0.1		Dn, < 0.1				Up, < 0.1		
X950535	535						Dn, < 0.1		Dn, < 0.1		Dn, < 0.1				
X950536	536					Up, < 0.1			Up, < 0.1						
X950545	545					Up, < 0.1	Dn, < 0.1							Dn, < 0.01	
X950548	548								Dn, < 0.1						
X950550	550						Dn, < 0.1								Dn, < 0.1
X950557	557												Up, < 0.1		
X950559	559													Up, < 0.1	
X950563	563					Dn, < 0.1	Dn, < 0.1		Dn, < 0.01				Up, < 0.1		
X950564	564						Dn, < 0.1		Dn, < 0.1						
X950570	570					Up, < 0.1					Up, < 0.1		Up, < 0.1		
X950571	571													Dn, < 0.1	
X950572	572	Dn, < 0.01	Up, < 0.1	Dn, < 0.001	Up, < 0.1	Dn, < 0.1			Up, < 0.1						Up, < 0.1
X950579	579					Dn, < 0.1							Up, < 0.1		Up, < 0.1
X950584	584										Dn, < 0.1		Dn, < 0.01		
X950592	592	Dn, < 0.1		Dn, < 0.01		Up, < 0.1					Up, < 0.1			Dn, < 0.1	
X950593	593								Up, < 0.001	Up, < 0.1			Dn, < 0.1		
X950594	594	Dn, < 0.1							Dn, < 0.01				Up, < 0.01		
X950602	602					Up, < 0.01			Up, < 0.1						
X950611	611	Dn, < 0.1		Dn, < 0.1										Dn, < 0.1	
X950613	613	Dn, < 0.1					Dn, < 0.1	Dn, < 0.01				Up, < 0.1		Dn, < 0.1	Dn, < 0.1
X950618	618			Dn, < 0.1		Dn, < 0.1									
X950632	632	Up, < 0.1				Up, < 0.1	Up, < 0.1		Up, < 0.01	Up, < 0.1			Dn, < 0.1		
X950633	633										Up, < 0.1				
X950637	637	Dn, < 0.1		Dn, < 0.01		Dn, < 0.001				Dn, < 0.1					
X950638	638													Dn, < 0.1	
X950641	641		Dn, < 0.1		Dn, < 0.01	Up, < 0.1	Dn, < 0.1				Dn, < 0.1		Dn, < 0.1	Dn, < 0.1	Dn, < 0.1
X950642	642		Dn, < 0.1		Dn, < 0.1	Up, < 0.01	Dn, < 0.1	Dn, < 0.1		Up, < 0.1					
X950645	645								Dn, < 0.1	Dn, < 0.1			Up, < 0.1		
X950649	649						Dn, < 0.1								
X950653	653					Up, < 0.1									
X950655	655					Up, < 0.01									
X950657	657					Dn, < 0.1									
X950668	668					Dn, < 0.1									
X950675	675						Dn, < 0.1							Dn, < 0.1	
X950677	677		Dn, < 0.1		Dn, < 0.1										Dn, < 0.1
X950680	680								Dn, < 0.1						
X950687	687	Up, < 0.1		Up, < 0.1										Up, < 0.01	
X950695	695		Dn, < 0.1		Dn, < 0.1										Dn, < 0.01
X950696	696					Dn, < 0.01								Dn, < 0.1	
X950705	705					Dn, < 0.1									
X950714	714										Dn, < 0.1			Up, < 0.01	
X950726	726	Up, < 0.1													
X950732	732					Up, < 0.01									
X950752	752										Up, < 0.1				Up, < 0.1
X950757	757					Dn, < 0.1								Dn, < 0.1	
X950759	759					Up, < 0.001									
X950766	766	Dn, < 0.1	Up, < 0.1	Dn, < 0.1	Up, < 0.1										Up, < 0.1
X950769	769						Up, < 0.1	Up, < 0.1	Up, < 0.01					Dn, < 0.1	
X950784	784			Dn, < 0.1							Up, < 0.1				
X950789	789					Up, < 0.1			Up, < 0.1	Up, < 0.1	Up, < 0.1	Up, < 0.1		Dn, < 0.1	
X950796	796								Dn, < 0.1				Up, < 0.1		
X950798	798			Dn, < 0.1			Up, < 0.1								
X950799	799												Up, < 0.1	Up, < 0.1	
X950803	803	Dn, < 0.1													
X950809	809		Dn, < 0.1		Dn, < 0.1		Dn, < 0.1							Dn, < 0.1	
X950810	810					Up, < 0.1									
X950813	813					Up, < 0.1			Up, < 0.1					Dn, < 0.1	
X950816	816		Up, < 0.1	Up, < 0.1	Up, < 0.1										
X950827	827		Up, < 0.1		Up, < 0.1										Up, < 0.1
X950838	838	Up, < 0.1					Dn, < 0.1		Dn, < 0.1						
X950841	841					Dn, < 0.1									
X950845	845		Dn, < 0.1		Dn, < 0.1	Up, < 0.001	Dn, < 0.01	Dn, < 0.1		Up, < 0.1				Dn, < 0.1	Dn, < 0.1
X950846	846	Dn, < 0.1													
X950851	851	Up, < 0.1		Up, < 0.1					Dn, < 0.1				Up, < 0.1	Up, < 0.1	Dn, < 0.1
X950859	859	Up, < 0.001		Up, < 0.01											
X950860	860	Up, < 0.1				Dn, < 0.1			Dn, < 0.1	Dn, < 0.1			Up, < 0.1		
X950869	869	Up, < 0.1		Up, < 0.1										Up, < 0.1	
X950873	873		Dn, < 0.1		Dn, < 0.1		Dn, < 0.1								
X950904	904													Dn, < 0.1	
X950906	906		Up, < 0.1		Up, < 0.1										
X950911	911					Up, < 0.01									
X950921	921						Up, < 0.1		Up, < 0.1						
X950925	925						Dn, < 0.1								
X950929	929	Up, < 0.1							Up, < 0.1	Up, < 0.1					
X950966	966	Up, < 0.1							Up, < 0.1	Up, < 0.1			Dn, < 0.1		
X950968	968		Dn, < 0.1		Dn, < 0.1										Dn, < 0.1
X950987	987														Dn, < 0.1
X950995	995										Up, < 0.1				
X950996	996			Up, < 0.1											
X950999	999	Up, < 0.01		Up, < 0.1											
X951019	1019		Up, < 0.01		Up, < 0.01			Dn, < 0.01		Up, < 0.1		Up, < 0.1		Up, < 0.1	
X951027	1027			Up, < 0.1							Dn, < 0.1		Dn, < 0.1		
X951030	1030	Up, < 0.01		Up, < 0.1			Up, < 0.1							Up, < 0.1	
X951041	1041					Up, < 0.1									
X951051	1051				Dn, < 0.1	Dn, < 0.01	Dn, < 0.1								Dn, < 0.1
X951054	1054	Up, < 0.01		Up, < 0.1											
X951055	1055					Up, < 0.001									
X951067	1067	Up, < 0.1				Up, < 0.1	Up, < 0.1		Up, < 0.1				Dn, < 0.1	Up, < 0.1	
X951071	1071								Dn, < 0.1				Up, < 0.1		
X951083	1083	Up, < 0.1		Up, < 0.1									Dn, < 0.1		
X951115	1115								Dn, < 0.1						
X951141	1141	Up, < 0.01		Up, < 0.01											
X951144	1144										Dn, < 0.1		Dn, < 0.1		
X951150	1150		Dn, < 0.1		Dn, < 0.1										
X951156	1156	Dn, < 0.01	Up, < 0.1	Dn, < 0.01		Up, < 0.1								Dn, < 0.1	
X951162	1162	Up, < 0.1													
X951171	1171					Up, < 0.1									
X951242	1242	Dn, < 0.01	Up, < 0.1	Dn, < 0.01	Up, < 0.1									Dn, < 0.1	Up, < 0.1
X951273	1273					Up, < 0.1			Up, < 0.01	Up, < 0.1	Dn, < 0.1		Dn, < 0.01		
X951284	1284					Up, < 0.1									
X951317	1317		Dn, < 0.1		Dn, < 0.1	Up, < 0.1									Dn, < 0.1
X951318	1318					Up, < 0.1									
X951322	1322		Up, < 0.1	Dn, < 0.1	Up, < 0.1	Dn, < 0.01									Up, < 0.1
X951337	1337								Dn, < 0.1				Up, < 0.1		
X951365	1365					Dn, < 0.1									
X951409	1409	Up, < 0.1				Dn, < 0.1									
X951457	1457						Up, < 0.1				Up, < 0.1				
X960001	1								Up, < 0.01	Up, < 0.01			Dn, < 0.1	Dn, < 0.1	
X960003	3		Dn, < 0.1		Dn, < 0.1	Up, < 0.001									
X960004	4		Dn, < 0.1		Dn, < 0.1		Up, < 0.001	Up, < 0.01			Up, < 0.01			Up, < 0.1	Dn, < 0.01
X960005	5					Up, < 0.01									
X960009	9									Up, < 0.1				Dn, < 0.1	
X960016	16	Dn, < 0.1	Dn, < 0.1		Dn, < 0.1										
X960019	19														Dn, < 0.1
X960021	21					Up, < 0.1									
X960022	22					Up, < 0.1									
X960023	23							Up, < 0.1		Dn, < 0.1		Dn, < 0.1			
X960025	25			Up, < 0.1											
X960026	26	Up, < 0.1							Dn, < 0.1	Dn, < 0.1			Up, < 0.1		
X960027	27														Up, < 0.1
X960028	28		Dn, < 0.1		Dn, < 0.1									Up, < 0.1	Dn, < 0.1
X960029	29							Dn, < 0.1		Up, < 0.1					
X960030	30					Up, < 0.1									
X960033	33								Dn, < 0.1				Up, < 0.1		
X960035	35	Up, < 0.1													
X960037	37										Up, < 0.1				
X960039	39								Up, < 0.01						
X960040	40		Up, < 0.1		Up, < 0.1										
X960044	44		Up, < 0.1		Up, < 0.1										
X960048	48		Dn, < 0.01		Dn, < 0.01		Dn, < 0.001	Dn, < 0.1	Dn, < 0.1		Dn, < 0.01				Dn, < 0.1
X960049	49													Dn, < 0.1	
X960050	50					Dn, < 0.1									
X960051	51	Dn, < 0.1				Up, < 0.1			Up, < 0.1						
X960055	55	Dn, < 0.1									Up, < 0.1	Up, < 0.1		Dn, < 0.01	
X960058	58										Up, < 0.1		Up, < 0.1		
X960059	59	Dn, < 0.01		Dn, < 0.01										Dn, < 0.1	
X960061	61	Dn, < 0.01		Dn, < 0.01							Up, < 0.1				
X960064	64		Dn, < 0.1		Dn, < 0.01	Up, < 0.1									Dn, < 0.1
X960069	69		Dn, < 0.1		Dn, < 0.1	Up, < 0.1									
X960070	70								Up, < 0.1				Dn, < 0.1		
X960071	71		Up, < 0.1		Up, < 0.1		Dn, < 0.1	Dn, < 0.1	Dn, < 0.1						
X960072	72					Up, < 0.1			Up, < 0.1	Up, < 0.1			Dn, < 0.1		
X960073	73	Up, < 0.1													Up, < 0.1
X960074	74	Dn, < 0.01		Dn, < 0.01										Dn, < 0.1	
X960083	83		Dn, < 0.1		Dn, < 0.1									Dn, < 0.1	Dn, < 0.01
X960086	86	Up, < 0.1													
X960090	90					Up, < 0.1			Up, < 0.1				Dn, < 0.1		
X960092	92	Dn, < 0.1		Dn, < 0.1				Dn, < 0.1		Up, < 0.1				Dn, < 0.1	
X960093	93					Up, < 0.1				Up, < 0.1					
X960096	96						Up, < 0.1				Up, < 0.1				
X960097	97		Up, < 0.1		Up, < 0.1										
X960098	98												Dn, < 0.1		
X960099	99					Up, < 0.01									
X960102	102													Dn, < 0.1	
X960106	106		Dn, < 0.01		Dn, < 0.01										Dn, < 0.1
X960108	108					Up, < 0.01									Dn, < 0.1
X960112	112						Up, < 0.1								
X960113	113	Dn, < 0.1	Up, < 0.001		Up, < 0.001	Dn, < 0.1					Up, < 0.1		Up, < 0.1	Dn, < 0.1	Up, < 0.1
X960114	114		Dn, < 0.1		Dn, < 0.1										
X960115	115		Up, < 0.1		Up, < 0.1										
X960120	120					Up, < 0.1									
X960122	122					Up, < 0.01			Up, < 0.1	Up, < 0.1			Dn, < 0.1		
X960125	125					Dn, < 0.1									
X960126	126					Up, < 0.1			Dn, < 0.1						Up, < 0.1
X960129	129									Dn, < 0.1					
X960130	130		Up, < 0.1											Dn, < 0.1	
X960131	131		Up, < 0.1		Up, < 0.1		Dn, < 0.001	Dn, < 0.001	Dn, < 0.1		Dn, < 0.01				
X960136	136														Dn, < 0.1
X960137	137		Up, < 0.1		Up, < 0.1						Up, < 0.1			Dn, < 0.1	
X960146	146	Up, < 0.1													
X960149	149	Dn, < 0.1												Dn, < 0.01	
X960152	152								Dn, < 0.1						
X960153	153					Dn, < 0.1			Up, < 0.1				Dn, < 0.1		
X960154	154		Up, < 0.1		Up, < 0.1										
X960160	160					Dn, < 0.1			Up, < 0.1						
X960162	162	Dn, < 0.1							Up, < 0.1					Dn, < 0.1	
X960164	164					Up, < 0.1			Up, < 0.001	Up, < 0.01			Dn, < 0.001		
X960169	169					Up, < 0.1									
X960171	171	Up, < 0.1													
X960174	174		Up, < 0.1		Up, < 0.1	Up, < 0.1			Dn, < 0.1				Up, < 0.1		
X960175	175					Up, < 0.1	Dn, < 0.1		Dn, < 0.1						
X960176	176	Up, < 0.1	Dn, < 0.1	Up, < 0.1	Dn, < 0.1		Up, < 0.1		Up, < 0.1		Up, < 0.01				Dn, < 0.1
X960177	177						Dn, < 0.1							Dn, < 0.1	
X960178	178												Dn, < 0.1		
X960179	179										Dn, < 0.1				
X960184	184					Up, < 0.1			Up, < 0.1				Dn, < 0.1		
X960187	187		Dn, < 0.01		Dn, < 0.01										
X960189	189					Up, < 0.001									
X960193	193				Dn, < 0.1									Dn, < 0.1	
X960197	197		Up, < 0.01	Dn, < 0.1	Up, < 0.01										Up, < 0.01
X960199	199													Dn, < 0.1	
X960203	203					Dn, < 0.1								Dn, < 0.1	
X960208	208					Up, < 0.1									
X960214	214		Up, < 0.1	Dn, < 0.1	Up, < 0.1		Up, < 0.1								Up, < 0.1
X960216	216		Up, < 0.1	Dn, < 0.1	Up, < 0.1										Up, < 0.1
X960221	221	Up, < 0.1		Up, < 0.1											
X960222	222	Dn, < 0.01		Dn, < 0.001											
X960224	224								Up, < 0.1	Up, < 0.1			Dn, < 0.1		Dn, < 0.1
X960226	226													Dn, < 0.1	
X960229	229													Dn, < 0.1	
X960231	231						Dn, < 0.001	Dn, < 0.001	Dn, < 0.001		Dn, < 0.001				
X960235	235										Up, < 0.1				
X960238	238	Dn, < 0.1	Up, < 0.1	Dn, < 0.1	Up, < 0.1	Dn, < 0.1		Up, < 0.1							Up, < 0.01
X960239	239	Dn, < 0.1													
X960241	241					Up, < 0.01									
X960242	242	Up, < 0.1													
X960244	244		Dn, < 0.01		Dn, < 0.01	Up, < 0.1	Up, < 0.1		Up, < 0.1						Dn, < 0.1
X960245	245			Up, < 0.1											
X960249	249					Up, < 0.1	Up, < 0.1								
X960250	250		Up, < 0.1		Up, < 0.1										
X960252	252		Dn, < 0.1		Dn, < 0.1			Up, < 0.1				Dn, < 0.1			Dn, < 0.1
X960255	255					Up, < 0.1			Up, < 0.1						
X960263	263		Up, < 0.1		Up, < 0.1		Dn, < 0.01	Dn, < 0.1	Dn, < 0.1		Dn, < 0.01				
X960264	264													Up, < 0.1	
X960266	266		Dn, < 0.01		Dn, < 0.01						Dn, < 0.1	Dn, < 0.1			Dn, < 0.1
X960267	267						Dn, < 0.1								Dn, < 0.1
X960268	268		Up, < 0.1		Up, < 0.1		Up, < 0.1	Up, < 0.1		Dn, < 0.1				Up, < 0.1	
X960274	274					Up, < 0.1			Up, < 0.1				Dn, < 0.1		Dn, < 0.1
X960279	279	Up, < 0.01		Up, < 0.1											
X960302	302		Dn, < 0.1	Up, < 0.1	Dn, < 0.1										Dn, < 0.1
X960303	303								Up, < 0.1	Up, < 0.1			Dn, < 0.1		
X960304	304								Dn, < 0.1		Up, < 0.1		Up, < 0.1		
X960312	312			Up, < 0.1	Dn, < 0.1										Dn, < 0.1
X960318	318				Dn, < 0.1									Dn, < 0.1	
X960319	319					Up, < 0.1									
X960322	322														Dn, < 0.001
X960327	327			Up, < 0.1			Dn, < 0.1							Dn, < 0.1	
X960331	331								Up, < 0.1	Up, < 0.1			Dn, < 0.1		
X960338	338	Up, < 0.1		Up, < 0.1			Dn, < 0.1				Dn, < 0.01		Dn, < 0.1		
X960339	339			Up, < 0.1											
X960341	341					Up, < 0.1	Dn, < 0.1		Dn, < 0.1				Up, < 0.1	Dn, < 0.1	
X960342	342	Up, < 0.01		Up, < 0.1										Up, < 0.1	
X960344	344		Up, < 0.1	Up, < 0.1							Dn, < 0.1	Dn, < 0.1			
X960347	347					Up, < 0.1									
X960348	348	Dn, < 0.1				Up, < 0.1		Up, < 0.1	Up, < 0.1						
X960351	351								Up, < 0.1						
X960354	354					Up, < 0.1	Dn, < 0.1		Dn, < 0.01	Dn, < 0.01			Up, < 0.1		
X960360	360	Up, < 0.1		Up, < 0.1											
X960362	362					Up, < 0.1									
X960365	365		Dn, < 0.1		Dn, < 0.1		Up, < 0.001	Up, < 0.1	Up, < 0.1		Up, < 0.01			Up, < 0.1	Dn, < 0.1
X960368	368								Up, < 0.1						
X960373	373													Dn, < 0.1	
X960374	374	Up, < 0.1									Up, < 0.1		Up, < 0.1		
X960381	381														Dn, < 0.1
X960383	383								Up, < 0.1	Up, < 0.1					
X960386	386						Up, < 0.1	Up, < 0.1		Dn, < 0.1				Up, < 0.1	
X960387	387			Up, < 0.1											
X960394	394			Dn, < 0.1											
X960398	398		Dn, < 0.01		Dn, < 0.001										Dn, < 0.01
X960401	401	Dn, < 0.1									Dn, < 0.1		Dn, < 0.1		
X960403	403														Dn, < 0.1
X960404	404	Dn, < 0.1	Up, < 0.1		Up, < 0.1		Dn, < 0.1							Dn, < 0.01	
X960408	408											Up, < 0.1			
X960411	411						Up, < 0.01	Up, < 0.1	Up, < 0.01		Up, < 0.01			Dn, < 0.1	
X960412	412								Up, < 0.1						
X960414	414					Up, < 0.1					Dn, < 0.1		Dn, < 0.1		
X960419	419			Dn, < 0.1	Up, < 0.1			Dn, < 0.1							
X960423	423								Up, < 0.1						
X960425	425	Up, < 0.1		Up, < 0.01			Up, < 0.01	Up, < 0.1	Up, < 0.01		Up, < 0.01				
X960426	426					Up, < 0.1									
X960428	428					Up, < 0.01									
X960430	430					Up, < 0.1			Up, < 0.1				Dn, < 0.1		
X960431	431			Up, < 0.1					Up, < 0.1						Dn, < 0.1
X960439	439					Up, < 0.1								Dn, < 0.1	
X960445	445					Up, < 0.1									
X960446	446			Dn, < 0.1											
X960447	447		Up, < 0.01		Up, < 0.01										Up, < 0.1
X960452	452		Up, < 0.1		Up, < 0.1	Dn, < 0.1									Up, < 0.1
X960463	463					Dn, < 0.01									
X960480	480					Up, < 0.1				Up, < 0.1					
X960481	481			Up, < 0.1											
X960483	483					Up, < 0.01			Up, < 0.1						
X960485	485					Up, < 0.001									
X960490	490		Dn, < 0.1		Dn, < 0.1		Dn, < 0.1							Dn, < 0.01	Dn, < 0.01
X960494	494		Dn, < 0.1		Dn, < 0.1		Dn, < 0.001	Dn, < 0.001	Dn, < 0.001		Dn, < 0.01				
X960496	496					Up, < 0.01									
X960501	501					Dn, < 0.1									
X960513	513	Up, < 0.1		Up, < 0.1		Up, < 0.1									
X960516	516		Up, < 0.1		Up, < 0.1	Dn, < 0.1			Dn, < 0.1	Dn, < 0.1					
X960529	529					Up, < 0.1									
X960538	538				Dn, < 0.1	Up, < 0.01									Dn, < 0.1
X960542	542												Up, < 0.1		
X960544	544													Dn, < 0.1	
X960550	550		Up, < 0.1		Up, < 0.1			Up, < 0.1		Dn, < 0.1					
X960551	551	Dn, < 0.1		Dn, < 0.1										Dn, < 0.01	
X960553	553					Up, < 0.1	Up, < 0.1		Up, < 0.1						
X960557	557	Dn, < 0.1		Dn, < 0.1								Up, < 0.1	Up, < 0.1		
X960575	575		Up, < 0.1		Up, < 0.1										
X960577	577					Up, < 0.1						Dn, < 0.1			
X960592	592		Dn, < 0.1	Up, < 0.1	Dn, < 0.1		Dn, < 0.1				Dn, < 0.1	Dn, < 0.1	Dn, < 0.1	Dn, < 0.1	Dn, < 0.01
X960596	596					Up, < 0.1					Up, < 0.1		Up, < 0.1		
X960611	611									Up, < 0.1					
X960612	612	Up, < 0.1		Up, < 0.1											Dn, < 0.1
X960632	632					Up, < 0.1									
X960635	635		Dn, < 0.01		Dn, < 0.01	Up, < 0.01									Dn, < 0.01
X960636	636		Dn, < 0.01	Up, < 0.1	Dn, < 0.01	Up, < 0.1									Dn, < 0.001
X960639	639														Dn, < 0.1
X960651	651	Up, < 0.1												Up, < 0.1	
X960659	659			Up, < 0.1			Dn, < 0.1								
X960666	666	Dn, < 0.1		Dn, < 0.1		Up, < 0.1									
X960667	667	Dn, < 0.1													
X960672	672														Dn, < 0.1
X960673	673								Dn, < 0.1					Up, < 0.01	
X960692	692						Up, < 0.1		Up, < 0.001	Up, < 0.1			Dn, < 0.1		
X960693	693		Up, < 0.01	Dn, < 0.1	Up, < 0.01		Dn, < 0.001	Dn, < 0.001	Dn, < 0.1		Dn, < 0.01				
X960712	712													Dn, < 0.01	
X960719	719		Up, < 0.1		Up, < 0.1						Up, < 0.1				
X960720	720		Dn, < 0.1	Up, < 0.1	Dn, < 0.1			Dn, < 0.1			Up, < 0.1	Up, < 0.01			
X960726	726														Up, < 0.1
X960743	743										Up, < 0.1	Up, < 0.1	Up, < 0.1	Dn, < 0.01	
X960748	748					Up, < 0.01									Dn, < 0.1
X960751	751			Up, < 0.1		Up, < 0.1	Dn, < 0.1								
X960764	764						Dn, < 0.1	Dn, < 0.1							
X960788	788	Dn, < 0.1		Dn, < 0.1											
X960793	793													Dn, < 0.1	
X960795	795								Up, < 0.1						
X960796	796					Up, < 0.1									
X960803	803		Up, < 0.01	Dn, < 0.1	Up, < 0.01	Dn, < 0.01									
X960807	807		Up, < 0.1		Up, < 0.1	Dn, < 0.1									
X960837	837		Dn, < 0.1	Up, < 0.1	Dn, < 0.1										Dn, < 0.1
X960843	843								Dn, < 0.1				Up, < 0.1		
X960851	851					Dn, < 0.1									
X960857	857													Dn, < 0.1	
X960865	865	Dn, < 0.1												Dn, < 0.1	
X960870	870	Dn, < 0.1					Up, < 0.1	Up, < 0.1	Up, < 0.1		Up, < 0.1			Dn, < 0.1	
X960875	875										Dn, < 0.1	Dn, < 0.1	Dn, < 0.1		
X960883	883		Up, < 0.01		Up, < 0.01		Up, < 0.1	Up, < 0.1	Up, < 0.1		Up, < 0.01			Dn, < 0.1	
X960892	892					Dn, < 0.1									Dn, < 0.1
X960894	894						Up, < 0.1	Up, < 0.1							
X960910	910						Up, < 0.1				Up, < 0.1		Up, < 0.1		
X960911	911								Up, < 0.001	Up, < 0.1			Dn, < 0.1		
X960920	920								Dn, < 0.1	Dn, < 0.1				Up, < 0.1	
X960934	934		Up, < 0.1		Up, < 0.1		Dn, < 0.1				Dn, < 0.1				
X960943	943	Dn, < 0.001		Dn, < 0.001							Up, < 0.1				
X960944	944						Up, < 0.1				Up, < 0.001	Up, < 0.01	Up, < 0.1		
X960969	969	Up, < 0.1													
X960972	972						Dn, < 0.1				Dn, < 0.1		Dn, < 0.1	Dn, < 0.1	
X960981	981													Up, < 0.1	
X960991	991							Dn, < 0.1		Up, < 0.1					
X960998	998	Dn, < 0.1												Dn, < 0.1	
X961035	1035													Up, < 0.1	
X961092	1092	Up, < 0.1							Dn, < 0.1	Dn, < 0.1					
X961096	1096		Up, < 0.1		Up, < 0.1	Up, < 0.1						Up, < 0.1	Up, < 0.1		
X961105	1105								Up, < 0.1			Dn, < 0.1	Dn, < 0.1		
X961124	1124	Up, < 0.1				Up, < 0.01									
X961128	1128														Dn, < 0.1
X961177	1177	Up, < 0.1													
X961180	1180							Dn, < 0.1		Up, < 0.1					
X961193	1193						Dn, < 0.1		Dn, < 0.1						
X961214	1214			Dn, < 0.1	Up, < 0.1						Up, < 0.1				
X961221	1221		Up, < 0.1		Up, < 0.1				Up, < 0.1						
X961242	1242										Up, < 0.1		Up, < 0.1		
X961243	1243		Up, < 0.01		Up, < 0.01										Up, < 0.01
X961246	1246					Up, < 0.1						Dn, < 0.1			Dn, < 0.1
X961263	1263		Up, < 0.1		Up, < 0.1										
X961321	1321		Dn, < 0.01		Dn, < 0.01	Up, < 0.1									Dn, < 0.01
X961325	1325						Dn, < 0.1								
X961339	1339	Dn, < 0.1		Dn, < 0.1				Up, < 0.1						Dn, < 0.1	Dn, < 0.1
X961365	1365		Dn, < 0.1		Dn, < 0.1	Up, < 0.01									Dn, < 0.01
X961417	1417													Dn, < 0.1	
X961434	1434					Up, < 0.1	Dn, < 0.1				Dn, < 0.1				Dn, < 0.1
X961553	1553													Up, < 0.1	
X961634	1634										Dn, < 0.1				
X961684	1684	Dn, < 0.1				Up, < 0.1									
X961738	1738						Up, < 0.1	Up, < 0.1							
X961809	1809					Up, < 0.01	Up, < 0.1		Up, < 0.01						
X970002	2		Dn, < 0.1		Dn, < 0.01	Up, < 0.1									Dn, < 0.1
X970007	7					Dn, < 0.1									
X970008	8		Up, < 0.1		Up, < 0.1										
X970010	10		Dn, < 0.1		Dn, < 0.1	Up, < 0.001									Dn, < 0.1
X970011	11					Dn, < 0.1			Dn, < 0.1						Up, < 0.1
X970013	13					Up, < 0.01									
X970015	15	Up, < 0.001		Up, < 0.01				Dn, < 0.01		Up, < 0.1		Up, < 0.1			
X970016	16							Dn, < 0.1				Up, < 0.1			
X970018	18			Up, < 0.1											Dn, < 0.1
X970022	22		Up, < 0.1		Up, < 0.1										Up, < 0.1
X970024	24		Dn, < 0.1		Dn, < 0.1	Up, < 0.01									
X970027	27						Dn, < 0.1								Dn, < 0.1
X970029	29						Up, < 0.001	Up, < 0.01	Up, < 0.001		Up, < 0.001				
X970031	31					Up, < 0.1									
X970032	32		Dn, < 0.1		Dn, < 0.1										
X970033	33					Up, < 0.01	Dn, < 0.1							Dn, < 0.1	
X970034	34	Dn, < 0.1		Dn, < 0.01											
X970035	35					Up, < 0.1									
X970037	37					Up, < 0.1									
X970038	38					Up, < 0.01									
X970039	39		Dn, < 0.1		Dn, < 0.1	Up, < 0.01									Dn, < 0.1
X970040	40					Up, < 0.001									
X970042	42						Up, < 0.1		Up, < 0.01						
X970044	44					Up, < 0.01									
X970045	45								Up, < 0.1	Up, < 0.1					
X970050	50		Dn, < 0.1	Up, < 0.1	Dn, < 0.1	Up, < 0.01									
X970051	51		Up, < 0.1		Up, < 0.1										
X970052	52					Up, < 0.001									
X970055	55		Dn, < 0.01		Dn, < 0.01						Dn, < 0.01	Dn, < 0.1	Dn, < 0.01		
X970057	57	Up, < 0.1													
X970065	65								Up, < 0.1			Dn, < 0.1	Dn, < 0.1		Dn, < 0.1
X970067	67					Up, < 0.1									
X970071	71							Up, < 0.1							
X970072	72			Dn, < 0.1				Up, < 0.1				Dn, < 0.1			
X970078	78					Dn, < 0.1	Up, < 0.1								
X970079	79													Up, < 0.1	
X970084	84		Dn, < 0.1		Dn, < 0.1	Up, < 0.1	Dn, < 0.1	Dn, < 0.1	Up, < 0.1	Up, < 0.01			Dn, < 0.1		Dn, < 0.1
X970085	85										Up, < 0.1			Dn, < 0.1	
X970086	86					Up, < 0.1									
X970088	88		Dn, < 0.1		Dn, < 0.1										Dn, < 0.1
X970089	89	Up, < 0.1		Up, < 0.1				Dn, < 0.1							
X970092	92	Up, < 0.1												Up, < 0.1	
X970093	93					Up, < 0.1								Up, < 0.1	
X970094	94		Dn, < 0.01	Up, < 0.01	Dn, < 0.01	Up, < 0.01	Dn, < 0.1	Dn, < 0.1		Up, < 0.1	Dn, < 0.01		Dn, < 0.01		Dn, < 0.01
X970095	95					Up, < 0.01									
X970097	97					Up, < 0.1			Dn, < 0.1						Up, < 0.1
X970099	99					Dn, < 0.1									
X970100	100							Dn, < 0.1		Up, < 0.1					
X970102	102														Dn, < 0.1
X970106	106			Up, < 0.1		Up, < 0.1	Dn, < 0.1	Dn, < 0.01		Up, < 0.01					
X970109	109					Up, < 0.1									
X970112	112					Up, < 0.1									
X970113	113													Up, < 0.1	
X970118	118		Dn, < 0.1		Dn, < 0.1	Up, < 0.001									Dn, < 0.1
X970120	120					Dn, < 0.1									
X970121	121						Dn, < 0.01		Dn, < 0.01	Dn, < 0.1			Up, < 0.1	Dn, < 0.1	
X970125	125			Up, < 0.1		Up, < 0.1			Up, < 0.1				Dn, < 0.1		
X970128	128					Up, < 0.1									
X970129	129					Up, < 0.01									Dn, < 0.1
X970130	130		Up, < 0.1		Up, < 0.1										
X970134	134								Up, < 0.1					Dn, < 0.1	
X970135	135	Dn, < 0.1	Up, < 0.1	Dn, < 0.1	Up, < 0.1										
X970146	146												Up, < 0.1		
X970152	152						Up, < 0.1		Up, < 0.1		Up, < 0.1				
X970154	154					Up, < 0.1									
X970156	156					Dn, < 0.1									Up, < 0.01
X970160	160					Dn, < 0.01									
X970161	161							Up, < 0.1							
X970165	165						Dn, < 0.1		Dn, < 0.1						Dn, < 0.1
X970166	166		Dn, < 0.01	Up, < 0.1	Dn, < 0.001	Up, < 0.01		Dn, < 0.1		Up, < 0.1					Dn, < 0.1
X970177	177					Up, < 0.001									Dn, < 0.1
X970180	180		Dn, < 0.1		Dn, < 0.1	Up, < 0.1			Up, < 0.1				Dn, < 0.1		Dn, < 0.1
X970185	185			Up, < 0.1					Up, < 0.1	Up, < 0.1					
X970194	194								Dn, < 0.1				Up, < 0.1		
X970197	197		Dn, < 0.1		Dn, < 0.1	Dn, < 0.1									
X970199	199		Dn, < 0.01		Dn, < 0.01										Dn, < 0.1
X970206	206					Up, < 0.01									
X970207	207		Up, < 0.1		Up, < 0.1										
X970209	209														Up, < 0.1
X970216	216					Up, < 0.1	Dn, < 0.1		Dn, < 0.01				Up, < 0.1		
X970221	221		Up, < 0.1		Up, < 0.1	Up, < 0.1		Dn, < 0.1	Dn, < 0.1			Up, < 0.1	Up, < 0.1		
X970225	225		Dn, < 0.1		Dn, < 0.1	Up, < 0.1									Dn, < 0.1
X970226	226					Up, < 0.01									
X970227	227	Dn, < 0.1							Up, < 0.1				Dn, < 0.1	Dn, < 0.1	
X970228	228		Up, < 0.1		Up, < 0.1		Up, < 0.1	Up, < 0.1	Up, < 0.1		Up, < 0.1			Dn, < 0.1	
X970232	232					Up, < 0.1									
X970236	236					Up, < 0.01									
X970240	240						Dn, < 0.1								Dn, < 0.1
X970250	250		Up, < 0.01		Up, < 0.01									Up, < 0.1	
X970251	251	Up, < 0.1		Up, < 0.1											Dn, < 0.1
X970254	254					Dn, < 0.1	Up, < 0.1				Up, < 0.1				
X970257	257					Up, < 0.01									
X970268	268					Dn, < 0.1									
X970269	269								Up, < 0.1	Up, < 0.1					
X970271	271					Up, < 0.01									
X970277	277		Dn, < 0.1	Up, < 0.1	Dn, < 0.1	Up, < 0.01				Up, < 0.1			Dn, < 0.1		Dn, < 0.1
X970283	283						Up, < 0.1								
X970288	288								Up, < 0.1				Dn, < 0.1		
X970299	299		Dn, < 0.1		Dn, < 0.1						Dn, < 0.01		Dn, < 0.01		
X970307	307														Dn, < 0.1
X970312	312		Dn, < 0.1	Up, < 0.1	Dn, < 0.1	Up, < 0.1								Up, < 0.1	Dn, < 0.1
X970323	323					Up, < 0.1									
X970325	325		Up, < 0.1		Up, < 0.1		Dn, < 0.1		Dn, < 0.01		Dn, < 0.1				
X970327	327		Up, < 0.1		Up, < 0.1	Up, < 0.1									
X970338	338		Up, < 0.1		Up, < 0.1									Dn, < 0.1	
X970342	342	Up, < 0.1							Dn, < 0.1					Up, < 0.1	Up, < 0.1
X970343	343		Up, < 0.1		Up, < 0.1										Up, < 0.1
X970346	346			Dn, < 0.1			Up, < 0.01	Up, < 0.01	Up, < 0.1		Up, < 0.01				Dn, < 0.1
X970349	349	Up, < 0.1													
X970350	350					Up, < 0.01			Up, < 0.1				Dn, < 0.1		
X970359	359					Up, < 0.001									
X970361	361						Dn, < 0.1		Dn, < 0.1						
X970375	375					Up, < 0.001									
X970380	380		Up, < 0.01		Up, < 0.001	Dn, < 0.1									
X970389	389	Dn, < 0.1												Dn, < 0.1	
X970393	393						Dn, < 0.1							Dn, < 0.1	
X970411	411					Up, < 0.1									
X970412	412					Up, < 0.001									Dn, < 0.1
X970414	414					Up, < 0.1		Dn, < 0.1	Up, < 0.01	Up, < 0.001	Dn, < 0.1		Dn, < 0.001		
X970425	425								Up, < 0.1						
X970454	454		Dn, < 0.1		Dn, < 0.1	Up, < 0.01									Dn, < 0.1
X970472	472		Dn, < 0.1	Up, < 0.1	Dn, < 0.1	Up, < 0.01	Dn, < 0.1								Dn, < 0.01
X970474	474												Dn, < 0.1		
X970480	480	Up, < 0.1		Up, < 0.1											
X970482	482						Dn, < 0.1	Dn, < 0.1	Dn, < 0.1		Dn, < 0.1				Up, < 0.1
X970497	497					Up, < 0.1									
X970502	502	Up, < 0.1		Up, < 0.1										Up, < 0.1	
X970504	504		Up, < 0.1		Up, < 0.1						Up, < 0.1	Up, < 0.1	Up, < 0.1		
X970509	509					Up, < 0.01									
X970512	512					Up, < 0.01			Up, < 0.1						
X970515	515	Up, < 0.1		Up, < 0.1											
X970517	517			Dn, < 0.1											Up, < 0.1
X970519	519					Up, < 0.1							Dn, < 0.1		
X970522	522	Dn, < 0.1				Up, < 0.001									
X970524	524			Up, < 0.1		Up, < 0.1									
X970533	533		Up, < 0.1			Up, < 0.01						Up, < 0.1	Up, < 0.1	Up, < 0.1	
X970536	536		Dn, < 0.1		Dn, < 0.1										
X970543	543		Dn, < 0.01		Dn, < 0.01								Dn, < 0.1		Dn, < 0.01
X970549	549					Dn, < 0.01									
X970563	563												Dn, < 0.1		Dn, < 0.1
X970573	573		Dn, < 0.1		Dn, < 0.1	Up, < 0.1									Dn, < 0.1
X970587	587		Dn, < 0.1		Dn, < 0.1	Up, < 0.1									Dn, < 0.1
X970599	599	Up, < 0.1	Dn, < 0.1	Up, < 0.1	Dn, < 0.1						Dn, < 0.1				
X970625	625	Dn, < 0.1		Dn, < 0.01											
X970638	638	Up, < 0.1		Up, < 0.01		Up, < 0.1									
X970649	649	Up, < 0.1											Up, < 0.1		
X970659	659								Dn, < 0.1						
X970663	663					Up, < 0.01			Up, < 0.1	Up, < 0.1			Dn, < 0.1		
X970664	664				Up, < 0.1										
X970677	677													Dn, < 0.1	
X970680	680								Dn, < 0.1					Up, < 0.1	
X970687	687	Up, < 0.1		Up, < 0.1		Up, < 0.1								Up, < 0.1	
X970688	688	Up, < 0.1		Up, < 0.1				Dn, < 0.01	Up, < 0.1	Up, < 0.01			Dn, < 0.1		
X970706	706										Up, < 0.1		Up, < 0.1		
X970717	717														Dn, < 0.1
X970731	731			Up, < 0.1		Up, < 0.01									Dn, < 0.1
X970732	732					Dn, < 0.1							Up, < 0.1		
X970737	737					Up, < 0.01	Up, < 0.1		Up, < 0.1						
X970745	745						Up, < 0.1				Up, < 0.1				
X970784	784														Up, < 0.1
X970791	791					Dn, < 0.1						Dn, < 0.1	Dn, < 0.1		
X970813	813					Up, < 0.01									
X970860	860	Dn, < 0.1				Up, < 0.1									
X970932	932					Up, < 0.001									
X970960	960	Dn, < 0.1													
